VID,"videoInfo.videoError: Descending","Unique count of vid",errors
195,3,1,5
196,4,1,1
235,4,1,15
295,4,1,4
457,3,1,1
457,4,1,1
633,4,1,2
691,4,1,3
879,4,1,4
"1,004",4,1,3
"1,090",3,1,7
"1,215",4,1,6
"1,299",4,1,2
"1,354",4,1,1
"1,379",4,1,1
"1,406",3,1,1
"1,515",4,1,4
"1,532",4,1,1
"1,719",3,1,1
"1,727",4,1,2
"1,966",3,1,1
"1,982",4,1,1
"2,012",4,1,1
"2,077",4,1,1
"2,228",3,1,4
"2,392",4,1,1
"2,528",4,1,1
"2,551",3,1,1
"2,619",4,1,1
"2,674",3,1,1
"2,705",4,1,25
"2,836",4,1,10
"2,859",4,1,1
"2,866",4,1,1
"2,894",4,1,2
"2,932",4,1,1
"2,966",4,1,2
"3,250",4,1,1
"3,411",3,1,4
"3,418",4,1,15
"3,445",3,1,1
"3,898",3,1,3
"3,898",4,1,1
"3,912",4,1,1
"3,950",4,1,2
"3,976",4,1,9
"4,102",4,1,1
"4,323",3,1,8
"4,431",4,1,1
"4,472",4,1,1
"4,542",3,1,1
"4,542",4,1,1
"4,610",4,1,1
"4,615",3,1,1
"4,648",4,1,2
"4,700",4,1,1
"4,864",4,1,4
"5,081",4,1,2
"5,191",4,1,3
"5,449",3,1,11
"5,543",4,1,2
"5,545",4,1,11
"6,231",3,1,1
"6,233",4,1,4
"6,337",4,1,1
"6,504",4,1,1
"6,538",4,1,1
"6,680",4,1,1
"6,751",3,1,2
"6,751",4,1,1
"6,873",4,1,3
"7,014",3,1,1
"7,305",4,1,2
"7,813",4,1,1
"8,295",4,1,1
"8,527",4,1,1
"8,636",4,1,5
"8,719",3,1,1
"8,719",4,1,3
"8,894",4,1,4
"9,004",4,1,1
"9,142",4,1,2
"9,393",4,1,1
"9,685",4,1,1
"9,718",3,1,1
"9,740",3,1,1
"9,911",3,1,1
"9,911",4,1,1
"10,135",3,1,1
"10,278",4,1,1
"10,620",4,1,1
"10,650",3,1,1
"10,774",3,1,1
"10,774",4,1,1
"10,895",4,1,1
"11,201",4,1,1
"11,253",3,1,1
"11,253",4,1,17
"11,260",3,1,1
"11,557",4,1,1
"11,581",3,1,4
"11,906",4,1,1
"12,021",3,1,1
"12,199",4,1,2
"12,226",3,1,1
"12,507",4,1,1
"12,728",4,1,4
"13,247",4,1,1
"13,727",3,1,1
"13,812",3,1,6
"13,815",4,1,1
"13,874",3,1,1
"14,018",4,1,1
"14,245",4,1,1
"14,257",4,1,14
"14,725",4,1,1
"14,746",4,1,1
"15,073",4,1,1
"15,530",3,1,1
"15,679",4,1,2
"15,680",4,1,1
"15,682",3,1,1
"15,682",4,1,1
"15,918",4,1,2
"16,364",3,1,1
"16,446",4,1,1
"16,447",4,1,1
"16,483",4,1,1
"16,615",4,1,1
"16,915",3,1,2
"16,915",4,1,2
"17,083",4,1,1
"17,136",3,1,1
"17,136",4,1,2
"17,169",4,1,1
"17,256",4,1,1
"17,350",4,1,1
"17,412",4,1,1
"17,615",3,1,1
"17,688",3,1,1
"17,756",4,1,1
"17,938",3,1,2
"18,071",3,1,1
"18,193",4,1,1
"18,816",3,1,1
"18,831",3,1,1
"18,961",4,1,1
"19,001",3,1,1
"19,126",4,1,1
"19,135",4,1,1
"19,152",4,1,1
"19,238",4,1,1
"19,310",4,1,1
"19,361",4,1,1
"19,399",4,1,1
"19,556",3,1,1
"19,849",4,1,1
"19,948",3,1,1
"19,971",3,1,1
"20,675",4,1,1
"21,436",3,1,1
"21,436",4,1,1
"21,455",4,1,1
"21,693",4,1,1
"22,846",4,1,1
"22,994",4,1,1
"23,854",3,1,1
"24,048",4,1,13
"24,110",4,1,1
"24,663",4,1,1
"24,953",3,1,1
"25,065",4,1,1
"25,750",4,1,7
"25,925",4,1,6
"26,613",4,1,3
"26,771",4,1,1
"26,986",4,1,8
"27,036",4,1,1
"27,045",4,1,7
"27,282",3,1,1
"27,392",4,1,1
"27,457",3,1,1
"28,091",4,1,1
"28,098",4,1,1
"28,233",4,1,2
"28,531",4,1,3
"28,541",4,1,1
"28,643",4,1,4
"28,864",4,1,1
"28,927",4,1,2
"28,946",4,1,5
"28,947",4,1,12
"29,115",4,1,1
"29,377",4,1,1
"29,568",3,1,1
"29,986",4,1,1
"30,247",4,1,1
"30,709",3,1,1
"30,883",3,1,1
"31,157",4,1,1
"31,175",4,1,10
"31,301",3,1,2
"31,400",4,1,21
"32,071",4,1,1
"32,151",4,1,20
"32,391",4,1,2
"32,451",4,1,1
"32,465",4,1,1
"32,505",4,1,11
"32,575",4,1,1
"33,433",4,1,78
"33,600",3,1,1
"33,647",4,1,1
"33,651",3,1,1
"33,732",4,1,2
"33,952",4,1,1
"34,036",3,1,1
"34,065",4,1,24
"34,332",4,1,68
"34,436",4,1,3
"34,453",4,1,12
"34,529",4,1,2
"34,959",4,1,14
"35,036",4,1,13
"35,123",4,1,3
"35,178",3,1,1
"35,190",4,1,1
"35,206",4,1,2
"35,342",4,1,1
"35,395",4,1,1
"35,402",4,1,9
"35,404",4,1,1
"35,568",4,1,1
"35,622",4,1,1
"35,634",4,1,18
"35,636",4,1,1
"35,652",4,1,1
"35,748",4,1,1
"35,773",4,1,5
"35,885",4,1,1
"36,004",4,1,1
"36,098",4,1,1
"36,229",4,1,2
"36,242",4,1,7
"36,279",4,1,1
"36,325",4,1,1
"36,425",4,1,146
"36,536",4,1,1
"36,634",4,1,2
"36,701",4,1,3
"36,764",4,1,3
"37,154",4,1,1
"37,182",4,1,1
"37,902",4,1,1
"37,914",4,1,4
"37,917",4,1,1
"37,965",3,1,1
"38,038",4,1,11
"38,115",4,1,1
"38,200",4,1,1
"38,342",3,1,1
"38,522",4,1,1
"38,697",4,1,3
"38,710",4,1,1
"38,924",4,1,1
"38,928",3,1,1
"39,328",4,1,1
"39,329",4,1,1
"39,486",4,1,1
"39,514",4,1,21
"39,583",4,1,17
"39,609",4,1,1
"39,650",4,1,4
"39,721",4,1,1
"39,790",3,1,1
"39,934",4,1,3
"40,002",3,1,1
"40,122",4,1,1
"40,176",4,1,2
"40,185",4,1,2
"40,191",4,1,1
"40,292",4,1,6
"40,445",4,1,22
"40,452",4,1,1
"40,463",4,1,1
"40,509",4,1,1
"40,524",4,1,1
"40,551",3,1,2
"40,552",4,1,1
"40,583",4,1,2
"40,634",3,1,1
"40,634",4,1,2
"40,786",3,1,1
"40,903",4,1,1
"41,062",4,1,2
"41,072",4,1,2
"41,087",4,1,4
"41,158",4,1,1
"41,202",4,1,3
"41,361",4,1,1
"41,389",4,1,6
"42,058",3,1,1
"42,244",4,1,3
"42,283",4,1,1
"42,324",4,1,12
"42,401",4,1,9
"42,402",4,1,1
"42,476",3,1,1
"42,536",4,1,2
"42,728",4,1,3
"42,735",4,1,1
"42,739",4,1,1
"42,792",4,1,1
"42,809",4,1,2
"43,243",4,1,1
"43,255",3,1,1
"43,260",4,1,1
"43,261",4,1,7
"43,290",4,1,5
"43,404",3,1,1
"43,543",4,1,4
"43,590",4,1,1
"43,693",4,1,1
"43,756",4,1,3
"43,887",4,1,13
"43,912",3,1,5
"43,912",4,1,6
"43,954",4,1,3
"43,965",4,1,1
"43,976",4,1,1
"44,001",3,1,1
"44,101",3,1,3
"44,101",4,1,20
"44,598",3,1,1
"44,598",4,1,1
"44,740",3,1,2
"44,751",3,1,1
"44,765",4,1,2
"44,867",4,1,12
"44,885",4,1,14
"45,250",4,1,5
"45,495",4,1,1
"45,614",4,1,3
"45,714",4,1,1
"45,764",4,1,1
"45,882",4,1,1
"45,957",4,1,1
"45,961",4,1,1
"46,086",4,1,1
"46,125",4,1,1
"46,610",4,1,1
"46,645",4,1,1
"46,676",4,1,91
"46,750",4,1,7
"46,754",4,1,2
"46,789",4,1,9
"46,796",3,1,1
"46,796",4,1,1
"46,811",3,1,1
"46,811",4,1,1
"46,860",4,1,1
"46,916",4,1,8
"46,937",3,1,1
"46,998",4,1,9
"47,171",3,1,3
"47,251",4,1,7
"47,646",4,1,13
"47,692",3,1,1
"47,782",4,1,27
"47,785",4,1,8
"47,823",4,1,64
"47,836",4,1,5
"47,838",4,1,1
"47,845",4,1,2
"47,855",4,1,1
"47,856",4,1,4
"47,968",4,1,1
"48,082",4,1,32
"48,197",4,1,1
"48,267",3,1,1
"48,468",4,1,1
"48,541",4,1,6
"48,796",3,1,2
"48,796",4,1,3
"48,801",4,1,13
"48,886",4,1,97
"49,066",3,1,1
"49,187",4,1,17
"49,264",3,1,1
"49,283",4,1,168
"49,402",4,1,1
"49,413",4,1,1
"49,548",3,1,1
"49,568",4,1,1
"49,672",3,1,1
"49,681",4,1,1
"49,849",4,1,2
"49,913",4,1,7
"50,261",4,1,2
"50,270",4,1,4
"50,314",3,1,1
"50,462",3,1,1
"50,535",4,1,1
"50,765",4,1,2
"50,773",3,1,1
"50,938",4,1,38
"51,321",4,1,4
"51,364",4,1,11
"51,370",4,1,1
"51,544",4,1,1
"51,801",4,1,1
"51,842",4,1,1
"51,902",3,1,1
"51,902",4,1,1
"51,942",4,1,3
"52,083",4,1,1
"52,217",3,1,2
"52,217",4,1,28
"52,218",4,1,7
"52,350",4,1,4
"52,380",4,1,1
"52,517",4,1,3
"52,668",4,1,5
"52,697",4,1,1
"52,790",4,1,2
"52,818",4,1,1
"52,910",4,1,1
"53,015",4,1,1
"53,188",4,1,14
"53,193",4,1,3
"53,253",4,1,7
"53,342",3,1,1
"53,460",3,1,2
"53,460",4,1,73
"53,496",4,1,1
"53,580",4,1,1
"53,585",3,1,1
"53,585",4,1,2
"53,772",4,1,4
"53,952",4,1,1
"53,960",4,1,1
"54,057",3,1,1
"54,325",4,1,1
"54,462",4,1,1
"54,485",4,1,2
"54,490",4,1,1
"54,491",4,1,8
"54,492",4,1,4
"54,513",4,1,5
"54,530",4,1,6
"54,655",4,1,1
"54,916",4,1,51
"54,946",4,1,3
"55,072",4,1,1
"55,080",4,1,7
"55,526",4,1,1
"55,660",4,1,3
"55,669",3,1,1
"55,834",4,1,1
"55,846",3,1,1
"56,030",4,1,1
"56,059",4,1,4
"56,166",4,1,13
"56,260",4,1,1
"56,263",4,1,4
"56,398",4,1,1
"56,442",4,1,9
"56,584",4,1,2
"56,588",4,1,6
"56,610",3,1,1
"56,610",4,1,2
"56,628",3,1,1
"56,628",4,1,1
"56,709",4,1,1
"56,748",3,1,1
"56,784",4,1,14
"56,925",4,1,6
"56,930",4,1,1
"56,978",4,1,14
"57,002",4,1,1
"57,106",4,1,5
"57,108",4,1,1
"57,109",4,1,2
"57,197",4,1,23
"57,234",4,1,4
"57,235",3,1,2
"57,337",4,1,2
"57,384",3,1,1
"57,384",4,1,1
"57,452",4,1,1
"57,529",3,1,1
"57,631",4,1,1
"57,656",4,1,3
"57,720",4,1,2
"58,089",4,1,2
"58,115",4,1,16
"58,128",4,1,2
"58,129",3,1,1
"58,130",4,1,17
"58,154",3,1,1
"58,313",3,1,1
"58,390",3,1,1
"58,428",3,1,4
"58,630",4,1,1
"58,691",4,1,1
"58,709",4,1,1
"58,768",4,1,43
"58,773",4,1,1
"58,793",4,1,1
"58,865",4,1,1
"59,023",3,1,1
"59,051",4,1,1
"59,102",4,1,1
"59,119",4,1,1
"59,141",3,1,3
"59,141",4,1,6
"59,264",4,1,8
"59,269",4,1,42
"59,524",4,1,2
"59,724",4,1,9
"59,929",4,1,1
"59,975",4,1,2
"60,168",4,1,1
"60,224",4,1,7
"60,334",4,1,1
"60,346",4,1,1
"60,367",4,1,1
"60,399",4,1,63
"60,428",4,1,4
"60,641",4,1,1
"60,646",4,1,2
"60,647",4,1,3
"60,660",4,1,1
"60,765",4,1,2
"60,773",3,1,1
"60,781",4,1,17
"60,819",4,1,17
"60,847",3,1,1
"60,847",4,1,127
"60,863",4,1,4
"60,928",4,1,1
"60,957",4,1,1
"61,327",4,1,1
"61,331",4,1,1
"61,379",3,1,2
"61,379",4,1,3
"61,444",4,1,2
"61,526",3,1,2
"61,526",4,1,1
"61,652",4,1,1
"61,666",3,1,2
"61,687",3,1,1
"61,701",4,1,1
"61,828",4,1,1
"61,851",3,1,1
"61,875",4,1,1
"61,901",4,1,2
"61,995",4,1,14
"62,018",3,1,1
"62,047",4,1,2
"62,256",4,1,2
"62,376",3,1,1
"62,595",4,1,1
"62,601",4,1,1
"62,725",4,1,1
"62,804",4,1,1
"62,809",4,1,1
"62,814",4,1,1
"62,820",4,1,2
"63,049",3,1,1
"63,049",4,1,1
"63,072",4,1,1
"63,124",4,1,2
"63,188",4,1,2
"63,265",3,1,1
"63,285",4,1,2
"63,302",4,1,7
"63,380",3,1,1
"63,391",3,1,1
"63,398",4,1,1
"63,447",4,1,1
"63,478",4,1,1
"63,692",4,1,1
"63,768",4,1,2
"63,820",3,1,1
"63,823",4,1,1
"63,871",4,1,1
"63,953",4,1,14
"63,989",4,1,1
"63,995",3,1,1
"64,017",4,1,1
"64,112",4,1,3
"64,138",4,1,1
"64,453",4,1,1
"64,473",4,1,1
"64,511",3,1,1
"64,532",4,1,1
"64,595",4,1,3
"64,741",3,1,1
"64,753",3,1,1
"64,804",4,1,1
"64,876",4,1,1
"64,894",3,1,1
"64,894",4,1,1
"64,914",3,1,1
"64,915",4,1,20
"65,056",4,1,1
"65,057",4,1,1
"65,059",4,1,11
"65,074",4,1,25
"65,076",4,1,96
"65,178",4,1,2
"65,199",4,1,16
"65,218",4,1,1
"65,222",4,1,1
"65,376",4,1,1
"65,433",3,1,1
"65,541",4,1,1
"65,568",3,1,1
"65,581",4,1,1
"65,603",4,1,1
"65,633",4,1,1
"65,662",4,1,1
"65,679",4,1,1
"65,741",4,1,2
"65,770",4,1,3
"65,839",4,1,1
"65,941",4,1,1
"65,980",3,1,1
"65,980",4,1,15
"65,998",4,1,1
"66,020",4,1,1
"66,081",4,1,1
"66,093",3,1,1
"66,093",4,1,4
"66,312",4,1,4
"66,338",4,1,1
"66,346",4,1,1
"66,385",3,1,1
"66,464",3,1,2
"66,464",4,1,7
"66,543",3,1,2
"66,644",3,1,1
"66,670",4,1,1
"66,717",4,1,2
"66,755",4,1,1
"66,862",4,1,1
"66,923",4,1,1
"66,924",3,1,3
"66,924",4,1,3
"66,976",4,1,1
"66,981",4,1,4
"67,075",4,1,1
"67,253",4,1,1
"67,342",3,1,1
"67,372",4,1,1
"67,418",4,1,1
"67,469",4,1,1
"67,498",4,1,2
"67,880",4,1,1
"67,957",4,1,1
"67,988",3,1,1
"67,988",4,1,1
"67,994",4,1,1
"68,092",4,1,4
"68,094",4,1,1
"68,097",3,1,1
"68,097",4,1,3
"68,109",4,1,1
"68,233",4,1,1
"68,260",4,1,18
"68,262",4,1,1
"68,292",4,1,23
"68,343",4,1,4
"68,348",4,1,8
"68,353",4,1,3
"68,362",4,1,8
"68,379",4,1,9
"68,387",4,1,5
"68,389",4,1,7
"68,401",4,1,10
"68,406",4,1,14
"68,442",4,1,8
"68,457",4,1,7
"68,460",4,1,26
"68,483",4,1,9
"68,491",4,1,1
"68,527",4,1,1
"68,560",4,1,4
"68,578",4,1,1
"68,587",4,1,7
"68,595",4,1,138
"68,600",4,1,10
"68,621",4,1,87
"68,659",4,1,2
"68,660",4,1,8
"68,676",4,1,4
"68,697",4,1,3
"68,698",4,1,1
"68,778",4,1,2
"68,793",4,1,18
"68,794",4,1,1
"68,795",4,1,6
"68,797",4,1,2
"68,819",4,1,1
"68,820",4,1,5
"69,005",3,1,1
"69,009",4,1,2
"69,105",4,1,1
"69,132",4,1,1
"69,149",4,1,7
"69,160",4,1,23
"69,238",4,1,1
"69,273",3,1,1
"69,339",4,1,1
"69,343",4,1,1
"69,531",4,1,21
"69,532",3,1,2
"69,532",4,1,3
"69,537",4,1,59
"69,542",4,1,14
"69,566",4,1,490
"69,595",4,1,1
"69,688",4,1,49
"69,691",3,1,2
"69,691",4,1,11
"69,710",4,1,1
"69,778",4,1,2
"69,814",4,1,6
"69,818",4,1,1
"69,826",4,1,2
"69,828",4,1,1
"69,829",4,1,3
"69,830",4,1,3
"69,885",4,1,5
"69,891",4,1,4
"69,915",4,1,45
"69,916",4,1,5
"69,924",4,1,1
"69,926",4,1,6
"69,930",4,1,2
"69,941",4,1,3
"70,062",4,1,8
"70,064",4,1,4
"70,123",4,1,2
"70,146",4,1,1
"70,230",4,1,1
"70,266",4,1,4
"70,300",4,1,1
"70,335",4,1,1
"70,343",4,1,1
"70,351",4,1,1
"70,356",3,1,1
"70,356",4,1,7
"70,413",4,1,41
"70,414",3,1,1
"70,417",4,1,5
"70,426",4,1,2
"70,439",4,1,14
"70,467",4,1,6
"70,481",4,1,1
"70,497",3,1,1
"70,497",4,1,5
"70,505",4,1,5
"70,514",4,1,14
"70,532",3,1,1
"70,542",4,1,3
"70,544",4,1,1
"70,589",4,1,5
"70,658",4,1,1
"70,700",4,1,3
"70,749",4,1,3
"70,756",3,1,1
"70,756",4,1,13
"70,763",4,1,2
"70,769",4,1,2
"70,780",4,1,6
"70,855",4,1,1
"70,970",4,1,3
"71,066",4,1,1
"71,087",4,1,1
"71,093",4,1,1
"71,117",3,1,2
"71,117",4,1,5
"71,182",4,1,2
"71,297",4,1,4
"71,325",4,1,3
"71,394",3,1,1
"71,397",4,1,1
"71,511",4,1,1
"71,515",4,1,1
"71,537",4,1,9
"71,557",3,1,1
"71,557",4,1,2
"71,597",3,1,1
"71,685",4,1,1
"71,843",4,1,1
"71,861",4,1,2
"71,992",4,1,2
"72,081",3,1,1
"72,148",4,1,1
"72,155",3,1,1
"72,248",4,1,8
"72,326",4,1,1
"72,361",3,1,1
"72,361",4,1,2
"72,367",4,1,1
"72,443",4,1,1
"72,460",4,1,10
"72,470",4,1,1
"72,699",4,1,2
"72,734",4,1,1
"72,812",4,1,1
"72,890",4,1,1
"73,034",3,1,1
"73,095",4,1,4
"73,780",4,1,1
"76,365",4,1,1
"76,646",4,1,1
"87,835",4,1,1
"88,029",4,1,1
"105,065",3,1,1
"108,319",3,1,1
"110,134",4,1,1
"110,138",4,1,1
"110,150",4,1,1
"110,162",4,1,1
"110,339",4,1,1
"110,406",4,1,2
"110,423",4,1,1
"110,482",4,1,1
"110,483",4,1,1
"110,495",4,1,3
"110,501",4,1,1
"110,708",4,1,1
"110,711",4,1,3
"110,732",4,1,2
"110,811",4,1,1
"110,996",4,1,1
"111,013",4,1,2
"111,144",4,1,1
"111,202",4,1,1
"111,210",4,1,2
"111,225",3,1,3
"111,225",4,1,3
"111,245",4,1,1
"111,265",3,1,1
"111,282",4,1,2
"111,320",4,1,1
"111,414",4,1,1
"111,450",4,1,1
"111,558",4,1,1
"111,585",4,1,1
"111,598",4,1,1
"111,708",4,1,1
"111,719",3,1,4
"111,719",4,1,6
"111,921",3,1,1
"111,948",3,1,1
"111,989",4,1,5
"112,012",3,1,1
"112,112",4,1,1
"112,291",4,1,1
"112,309",3,1,4
"112,309",4,1,2
"112,364",4,1,1
"112,407",4,1,3
"112,505",4,1,1
"112,507",4,1,2
"112,519",3,1,1
"112,520",4,1,4
"112,521",3,1,1
"112,521",4,1,5
"112,534",4,1,3
"112,582",4,1,1
"112,584",4,1,1
"112,620",4,1,1
"112,781",4,1,1
"113,008",4,1,1
"113,015",3,1,1
"113,019",4,1,1
"113,156",3,1,1
"113,159",4,1,1
"113,210",3,1,1
"113,227",4,1,1
"113,265",4,1,1
"113,323",4,1,1
"113,515",4,1,1
"113,523",4,1,1
"113,553",4,1,1
"113,691",4,1,1
"113,704",4,1,1
"114,011",3,1,1
"114,061",4,1,1
"114,153",4,1,1
"114,157",3,1,1
"114,185",3,1,1
"114,185",4,1,5
"114,208",3,1,1
"114,258",4,1,1
"114,315",3,1,1
"114,317",4,1,1
"114,318",4,1,1
"114,636",4,1,1
"114,669",3,1,1
"114,669",4,1,2
"114,856",4,1,1
"114,926",4,1,3
"114,961",4,1,39
"115,003",3,1,2
"115,003",4,1,3
"115,327",4,1,1
"115,363",3,1,1
"115,363",4,1,1
"115,395",4,1,1
"115,457",4,1,1
"115,487",4,1,1
"115,553",4,1,1
"115,626",4,1,32
"115,640",4,1,9
"115,659",4,1,1
"115,690",3,1,1
"115,783",3,1,1
"115,783",4,1,1
"115,794",3,1,2
"115,870",4,1,25
"115,896",4,1,1
"115,915",3,1,1
"115,915",4,1,1
"115,927",4,1,1
"115,998",4,1,21
"116,015",4,1,13
"116,050",4,1,1
"116,112",4,1,1
"116,133",4,1,1
"116,141",3,1,1
"116,161",3,1,1
"116,187",4,1,1
"116,246",3,1,3
"116,246",4,1,8
"116,287",4,1,2
"116,312",4,1,20
"116,421",4,1,1
"116,423",4,1,1
"116,558",3,1,1
"116,690",3,1,1
"116,697",4,1,1
"116,714",4,1,1
"116,796",3,1,3
"116,836",4,1,8
"116,877",4,1,2
"117,019",4,1,13
"117,105",4,1,30
"117,109",3,1,1
"117,136",4,1,254
"117,158",4,1,1
"117,202",4,1,8
"117,205",3,1,1
"117,311",4,1,1
"117,320",3,1,1
"117,341",4,1,2
"117,395",4,1,1
"117,496",4,1,1
"117,534",4,1,1
"117,650",4,1,1
"117,651",4,1,4
"117,655",4,1,1
"117,880",4,1,1
"117,993",4,1,1
"118,004",4,1,1
"118,007",3,1,1
"118,007",4,1,5
"118,037",4,1,1
"118,077",3,1,2
"118,077",4,1,28
"118,078",4,1,3
"118,079",4,1,20
"118,081",4,1,2
"118,082",4,1,1
"118,085",3,1,1
"118,112",3,1,1
"118,112",4,1,1
"118,202",3,1,1
"118,296",4,1,1
"118,320",4,1,1
"118,422",4,1,1
"118,423",4,1,1
"118,430",3,1,1
"118,430",4,1,1
"118,444",3,1,1
"118,444",4,1,1
"118,466",4,1,1
"118,467",4,1,1
"118,501",4,1,1
"118,574",3,1,1
"118,585",4,1,1
"118,609",4,1,1
"118,649",4,1,1
"118,653",4,1,1
"118,692",4,1,2
"118,700",4,1,1
"118,717",4,1,1
"118,742",4,1,3
"118,786",4,1,1
"118,876",3,1,1
"118,878",3,1,1
"118,883",4,1,1
"118,906",4,1,1
"118,922",4,1,1
"118,927",4,1,1
"118,956",4,1,7
"119,028",3,1,1
"119,031",3,1,1
"119,035",3,1,1
"119,044",3,1,1
"119,046",3,1,1
"119,179",4,1,1
"119,268",4,1,1
"119,455",4,1,2
"119,463",4,1,1
"119,469",3,1,2
"119,469",4,1,2
"119,582",4,1,2
"119,634",4,1,6
"119,649",3,1,1
"119,666",4,1,59
"119,718",3,1,1
"119,718",4,1,1
"119,721",3,1,1
"119,767",4,1,1
"119,771",4,1,1
"119,796",4,1,1
"119,815",4,1,24
"119,859",4,1,20
"119,862",3,1,3
"119,901",4,1,1
"119,981",4,1,1
"120,018",4,1,32
"120,064",4,1,1
"120,100",3,1,1
"120,152",3,1,1
"120,154",4,1,1
"120,209",3,1,1
"120,222",3,1,1
"120,249",4,1,1
"120,367",4,1,1
"120,437",4,1,2
"120,446",3,1,1
"120,448",4,1,1
"120,452",4,1,2
"120,531",4,1,1
"120,550",4,1,20
"120,696",3,1,1
"121,032",4,1,1
"121,048",4,1,3
"121,180",4,1,1
"121,202",4,1,1
"121,212",4,1,3
"121,257",4,1,1
"121,284",4,1,1
"121,290",4,1,2
"121,327",4,1,1
"121,388",4,1,12
"121,418",3,1,1
"121,679",4,1,1
"121,699",4,1,1
"121,700",3,1,1
"121,702",4,1,1
"121,704",4,1,1
"121,705",4,1,1
"121,796",4,1,1
"121,814",4,1,1
"121,831",4,1,10
"121,873",3,1,1
"121,873",4,1,1
"121,879",4,1,1
"121,915",4,1,1
"121,945",4,1,2
"121,973",3,1,1
"121,973",4,1,1
"121,999",3,1,1
"121,999",4,1,4
"122,124",3,1,1
"122,245",3,1,2
"122,245",4,1,1
"122,250",4,1,2
"122,252",4,1,2
"122,362",3,1,1
"122,362",4,1,2
"122,431",4,1,1
"122,485",4,1,2
"122,771",3,1,1
"122,878",3,1,1
"122,970",3,1,1
"123,053",4,1,1
"123,069",4,1,2
"123,072",4,1,29
"123,134",3,1,1
"123,301",4,1,1
"123,343",4,1,2
"123,355",4,1,1
"123,545",3,1,1
"123,551",4,1,1
"123,700",4,1,2
"123,836",3,1,1
"123,853",4,1,1
"123,900",3,1,3
"123,912",4,1,1
"124,160",4,1,1
"124,184",3,1,1
"124,184",4,1,1
"124,383",4,1,2
"124,520",4,1,1
"124,521",3,1,1
"124,974",3,1,1
"125,036",4,1,1
"125,067",4,1,1
"125,073",3,1,2
"125,073",4,1,2
"125,129",4,1,1
"125,133",4,1,1
"125,141",4,1,1
"125,145",4,1,3
"125,224",3,1,1
"125,465",4,1,1
"125,551",4,1,3
"125,570",4,1,1
"125,642",4,1,1
"125,751",3,1,1
"125,751",4,1,1
"125,808",3,1,1
"125,848",4,1,1
"125,871",4,1,1
"125,883",3,1,1
"126,006",4,1,2
"126,237",4,1,1
"126,288",4,1,1
"126,311",4,1,1
"126,341",3,1,1
"126,341",4,1,1
"126,420",3,1,1
"126,501",4,1,1
"126,548",4,1,4
"126,572",4,1,1
"126,610",3,1,1
"126,611",3,1,1
"126,626",4,1,1
"126,634",4,1,1
"126,648",4,1,2
"126,840",3,1,1
"126,840",4,1,1
"127,045",4,1,1
"127,163",4,1,1
"127,194",4,1,1
"127,484",3,1,1
"127,498",4,1,1
"127,581",4,1,1
"127,621",4,1,1
"127,623",4,1,1
"127,707",4,1,1
"127,906",3,1,2
"127,911",4,1,1
"128,082",4,1,1
"128,086",4,1,1
"128,401",4,1,1
"128,408",4,1,1
"128,435",3,1,1
"128,458",3,1,1
"128,485",3,1,1
"128,485",4,1,2
"128,743",4,1,1
"128,791",4,1,1
"129,145",4,1,1
"129,225",4,1,1
"129,266",3,1,1
"129,270",4,1,1
"129,334",3,1,1
"129,394",4,1,1
"129,512",4,1,1
"129,528",4,1,1
"129,736",3,1,1
"129,741",3,1,1
"129,997",4,1,1
"130,016",3,1,1
"130,040",3,1,2
"130,129",4,1,1
"130,155",3,1,2
"130,155",4,1,3
"130,240",4,1,1
"130,349",3,1,1
"130,349",4,1,2
"130,354",4,1,1
"130,389",4,1,1
"130,458",3,1,1
"130,698",3,1,1
"130,821",4,1,1
"130,858",4,1,3
"130,981",3,1,1
"131,326",4,1,1
"131,382",3,1,1
"131,570",3,1,1
"131,824",4,1,1
"131,949",3,1,1
"132,001",4,1,1
"132,064",4,1,1
"132,315",3,1,1
"132,364",3,1,1
"132,481",4,1,1
"132,484",3,1,5
"132,484",4,1,22
"132,518",4,1,1
"132,611",3,1,4
"132,611",4,1,2
"132,651",4,1,1
"132,855",3,1,1
"132,867",4,1,1
"133,062",3,1,1
"133,144",3,1,1
"133,151",4,1,1
"133,338",4,1,1
"133,680",3,1,1
"133,719",4,1,1
"134,440",4,1,1
"134,968",4,1,2
"135,203",4,1,1
"135,344",4,1,1
"135,405",4,1,1
"135,431",3,1,1
"135,671",4,1,1
"135,793",4,1,1
"135,924",4,1,2
"135,946",4,1,1
"136,149",4,1,8
"136,914",3,1,1
"137,333",4,1,1
"137,385",4,1,1
"137,387",4,1,3
"137,404",4,1,1
"137,892",4,1,1
"138,082",3,1,2
"138,082",4,1,1
"138,101",3,1,1
"138,277",4,1,1
"139,202",3,1,1
"139,202",4,1,1
"139,485",4,1,1
"139,596",4,1,1
"139,708",4,1,2
"139,777",2,1,1
"139,777",3,1,1
"139,777",4,1,1
"140,499",4,1,1
"140,614",4,1,1
"140,737",4,1,1
"140,922",4,1,1
"141,266",4,1,1
"141,489",3,1,1
"141,632",3,1,1
"141,855",4,1,1
"141,857",4,1,1
"142,037",3,1,1
"142,037",4,1,1
"142,202",3,1,2
"142,236",4,1,2
"142,410",4,1,1
"142,788",3,1,1
"142,823",4,1,1
"142,825",4,1,3
"142,830",4,1,1
"143,115",4,1,2
"143,180",4,1,2
"143,436",4,1,1
"143,441",4,1,2
"143,676",3,1,1
"143,699",3,1,3
"143,699",4,1,2
"143,810",4,1,2
"143,813",3,1,1
"144,174",3,1,1
"144,573",3,1,1
"144,573",4,1,2
"144,620",3,1,1
"144,738",4,1,2
"144,751",4,1,1
"145,173",3,1,1
"145,213",3,1,1
"145,288",3,1,1
"145,416",3,1,2
"145,666",4,1,2
"145,968",3,1,1
"146,035",3,1,4
"146,036",4,1,1
"146,079",4,1,1
"146,293",4,1,1
"146,767",3,1,1
"146,767",4,1,1
"146,800",4,1,2
"146,837",4,1,2
"146,838",4,1,1
"146,954",4,1,1
"146,994",3,1,1
"147,142",4,1,14
"147,178",4,1,1
"147,328",4,1,2
"147,675",4,1,1
"147,904",4,1,1
"148,072",4,1,1
"148,202",3,1,1
"148,371",3,1,2
"148,371",4,1,5
"148,388",3,1,1
"148,540",4,1,1
"148,627",4,1,2
"148,711",3,1,1
"148,925",3,1,1
"149,204",4,1,1
"149,345",3,1,1
"149,484",4,1,1
"150,618",4,1,5
"151,009",3,1,1
"151,011",4,1,1
"151,050",3,1,1
"151,181",4,1,1
"151,186",4,1,5
"151,368",3,1,1
"151,450",4,1,1
"151,851",3,1,2
"151,851",4,1,1
"151,894",3,1,1
"152,026",4,1,1
"152,064",4,1,1
"152,146",4,1,1
"152,286",3,1,1
"152,289",4,1,1
"152,420",3,1,1
"153,058",4,1,1
"153,068",4,1,1
"153,141",4,1,1
"153,151",4,1,1
"153,229",4,1,1
"153,241",4,1,1
"153,931",4,1,1
"153,953",4,1,1
"154,066",4,1,1
"154,121",3,1,1
"154,161",4,1,1
"154,190",4,1,1
"154,212",4,1,1
"154,417",3,1,1
"154,438",4,1,3
"154,656",4,1,1
"155,190",4,1,1
"155,230",4,1,1
"155,478",4,1,1
"155,491",4,1,1
"155,512",4,1,1
"155,722",4,1,1
"155,937",3,1,1
"155,955",4,1,1
"155,956",4,1,1
"156,060",4,1,2
"156,240",4,1,1
"157,057",3,1,1
"157,194",4,1,2
"157,393",4,1,1
"157,993",4,1,1
"158,245",3,1,1
"158,315",4,1,2
"158,317",4,1,2
"158,318",4,1,3
"158,342",3,1,1
"158,342",4,1,1
"158,455",3,1,1
"158,455",4,1,1
"158,668",4,1,1
"158,673",3,1,1
"158,864",3,1,1
"158,864",4,1,2
"158,979",4,1,1
"159,314",4,1,1
"160,288",4,1,1
"160,298",4,1,1
"161,043",3,1,1
"161,214",4,1,1
"161,571",4,1,1
"161,578",4,1,1
"161,701",3,1,1
"161,990",4,1,1
"162,012",3,1,1
"162,012",4,1,2
"162,092",3,1,4
"162,119",4,1,1
"162,206",3,1,1
"162,209",4,1,1
"162,218",3,1,5
"162,218",4,1,8
"162,366",3,1,1
"162,440",3,1,1
"162,777",4,1,1
"162,859",3,1,1
"162,866",4,1,1
"163,325",3,1,3
"163,325",4,1,3
"163,554",4,1,1
"163,593",3,1,1
"163,648",3,1,2
"163,648",4,1,2
"163,693",3,1,1
"163,693",4,1,1
"163,742",4,1,1
"163,757",4,1,1
"163,762",3,1,1
"163,762",4,1,1
"164,384",3,1,1
"164,448",4,1,1
"164,559",3,1,1
"164,559",4,1,1
"164,597",3,1,2
"164,597",4,1,1
"164,599",3,1,1
"164,710",3,1,1
"164,776",4,1,1
"164,777",4,1,1
"164,837",4,1,1
"164,938",4,1,1
"164,949",4,1,1
"164,952",4,1,1
"165,146",4,1,1
"165,337",3,1,1
"165,356",4,1,1
"165,379",4,1,1
"165,402",4,1,1
"165,548",4,1,1
"165,628",4,1,1
"165,731",4,1,1
"165,790",4,1,3
"165,821",4,1,1
"165,942",4,1,1
"166,067",4,1,1
"166,205",4,1,1
"166,283",4,1,1
"166,312",4,1,2
"166,337",4,1,1
"166,416",4,1,2
"166,517",4,1,1
"166,563",3,1,1
"166,563",4,1,2
"166,689",3,1,1
"167,254",4,1,8
"167,814",3,1,1
"168,173",4,1,1
"168,342",4,1,1
"168,352",4,1,1
"168,509",3,1,1
"168,647",4,1,1
"168,688",3,1,1
"168,980",4,1,1
"169,099",4,1,1
"169,122",4,1,1
"169,447",4,1,1
"169,484",4,1,1
"169,489",4,1,1
"169,576",4,1,1
"169,585",3,1,1
"169,874",4,1,3
"169,927",4,1,3
"170,177",4,1,2
"170,288",4,1,1
"170,369",3,1,2
"170,918",4,1,2
"171,061",4,1,1
"171,410",4,1,1
"171,598",3,1,2
"171,631",4,1,1
"171,636",4,1,1
"171,696",4,1,1
"171,736",4,1,6
"171,742",4,1,1
"172,003",4,1,1
"172,108",3,1,1
"172,175",4,1,1
"172,176",3,1,4
"172,213",4,1,2
"172,361",4,1,1
"172,390",3,1,1
"172,426",4,1,1
"172,546",3,1,11
"172,546",4,1,1
"172,613",4,1,1
"172,839",3,1,1
"172,856",4,1,1
"172,898",4,1,2
"173,091",4,1,1
"173,105",4,1,13
"173,384",3,1,1
"173,384",4,1,11
"173,560",4,1,1
"173,852",4,1,1
"173,965",3,1,1
"174,258",4,1,1
"174,289",3,1,1
"174,334",4,1,2
"174,478",3,1,19
"174,524",4,1,1
"174,550",4,1,1
"174,556",4,1,1
"174,654",3,1,1
"174,739",4,1,6
"174,950",4,1,1
"175,041",4,1,87
"175,042",3,1,1
"175,103",4,1,2
"175,230",3,1,1
"175,291",4,1,3
"175,341",4,1,1
"175,342",4,1,1
"175,472",3,1,2
"175,684",4,1,4
"175,727",3,1,1
"175,727",4,1,1
"175,862",3,1,1
"175,967",4,1,1
"176,110",3,1,3
"176,133",4,1,1
"176,303",4,1,1
"176,477",4,1,2
"176,638",4,1,2
"176,720",4,1,2
"176,872",3,1,1
"176,876",3,1,2
"176,914",3,1,1
"177,134",3,1,1
"177,148",3,1,1
"177,297",4,1,1
"177,403",3,1,1
"177,572",3,1,1
"177,574",4,1,1
"177,597",3,1,1
"177,620",3,1,1
"177,690",3,1,1
"177,690",4,1,8
"177,760",3,1,1
"177,760",4,1,1
"177,768",3,1,1
"177,770",4,1,4
"177,999",4,1,1
"178,311",4,1,1
"178,319",4,1,1
"178,342",4,1,1
"178,343",4,1,1
"178,374",4,1,1
"178,447",3,1,1
"178,560",4,1,3
"178,583",4,1,4
"178,746",4,1,2
"178,779",4,1,1
"178,890",4,1,1
"178,989",4,1,2
"179,102",4,1,1
"179,183",4,1,1
"179,203",3,1,2
"179,265",4,1,1
"179,344",4,1,1
"179,479",4,1,1
"179,632",3,1,1
"180,020",4,1,1
"180,030",3,1,1
"180,306",3,1,1
"180,306",4,1,1
"180,350",4,1,4
"180,458",4,1,2
"180,488",4,1,1
"180,711",4,1,1
"180,736",4,1,1
"180,791",4,1,1
"180,986",3,1,1
"181,055",4,1,1
"181,323",3,1,4
"181,358",4,1,1
"181,476",3,1,1
"181,686",4,1,1
"181,863",3,1,1
"181,941",4,1,1
"182,107",3,1,1
"182,151",4,1,1
"182,171",3,1,4
"182,171",4,1,2
"182,258",4,1,3
"182,261",3,1,16
"182,261",4,1,4
"182,368",4,1,1
"182,473",4,1,1
"182,485",3,1,1
"182,490",4,1,1
"182,508",3,1,1
"182,653",4,1,2
"182,751",4,1,1
"182,804",4,1,1
"182,970",3,1,7
"182,970",4,1,3
"182,999",3,1,1
"183,007",4,1,1
"183,044",3,1,4
"183,044",4,1,1
"183,180",4,1,1
"183,370",3,1,1
"183,383",3,1,1
"183,586",4,1,1
"183,589",3,1,1
"183,980",4,1,1
"184,114",3,1,1
"184,176",4,1,2
"184,187",3,1,4
"184,478",3,1,1
"184,478",4,1,1
"184,622",4,1,1
"184,813",4,1,1
"184,822",4,1,5
"184,842",3,1,3
"184,854",3,1,1
"184,879",3,1,1
"184,913",4,1,1
"185,179",3,1,1
"185,275",3,1,1
"185,293",4,1,1
"185,320",4,1,1
"185,381",4,1,2
"185,383",4,1,1
"185,392",4,1,1
"185,597",4,1,7
"185,703",4,1,2
"185,733",4,1,1
"185,736",3,1,1
"185,751",4,1,2
"185,771",3,1,1
"185,813",3,1,1
"185,896",3,1,1
"186,052",4,1,1
"186,241",3,1,122
"186,241",4,1,2
"186,388",4,1,1
"186,402",4,1,5
"186,415",4,1,1
"186,427",4,1,2
"186,491",4,1,1
"186,695",4,1,1
"186,737",4,1,1
"186,758",3,1,1
"186,758",4,1,2
"186,782",4,1,1
"186,801",4,1,1
"186,806",4,1,1
"186,821",3,1,1
"186,839",4,1,2
"186,869",3,1,2
"186,869",4,1,3
"186,875",3,1,3
"186,913",3,1,2
"187,021",3,1,1
"187,141",4,1,1
"187,479",4,1,21
"187,634",4,1,1
"187,682",4,1,3
"188,080",3,1,1
"188,511",4,1,10
"188,646",4,1,1
"188,651",4,1,1
"188,730",3,1,2
"189,025",3,1,1
"189,285",3,1,32
"189,392",3,1,1
"189,581",3,1,1
"190,302",4,1,1
"190,341",4,1,1
"190,506",3,1,1
"190,699",4,1,1
"190,717",4,1,1
"190,801",4,1,1
"191,712",4,1,1
"191,778",3,1,1
"191,778",4,1,6
"192,276",3,1,1
"192,501",3,1,1
"192,646",4,1,1
"192,665",4,1,11
"192,747",4,1,1
"195,424",3,1,1
"195,552",3,1,1
"195,552",4,1,7
"195,815",4,1,1
"195,856",4,1,1
"195,873",3,1,1
"196,153",3,1,1
"196,165",4,1,1
"196,267",3,1,1
"196,495",4,1,1
"196,500",4,1,1
"196,537",4,1,1
"196,544",3,1,1
"196,611",4,1,6
"196,656",4,1,2
"196,703",4,1,4
"196,730",4,1,12
"196,731",4,1,3
"196,743",4,1,2
"196,744",4,1,6
"196,885",3,1,1
"197,091",4,1,4
"197,102",3,1,1
"197,103",4,1,24
"197,325",4,1,1
"197,374",4,1,1
"197,479",4,1,1
"197,480",3,1,2
"197,488",3,1,1
"197,527",4,1,1
"197,539",4,1,15
"197,552",4,1,1
"197,583",3,1,1
"197,606",4,1,3
"197,619",4,1,1
"197,809",4,1,1
"197,904",4,1,1
"198,062",4,1,1
"198,079",4,1,1
"198,088",3,1,1
"198,236",3,1,2
"198,492",3,1,1
"198,542",3,1,1
"198,590",3,1,5
"198,590",4,1,3
"198,594",4,1,1
"198,942",3,1,1
"199,107",4,1,1
"199,166",4,1,1
"199,196",4,1,1
"199,217",4,1,1
"199,331",3,1,1
"199,340",4,1,1
"199,459",4,1,1
"199,564",3,1,1
"199,682",4,1,1
"199,740",4,1,5
"199,936",4,1,1
"200,004",3,1,2
"200,004",4,1,1
"200,033",3,1,1
"200,061",4,1,3
"200,100",3,1,10
"200,100",4,1,15
"200,148",3,1,1
"200,148",4,1,1
"200,161",3,1,1
"200,363",4,1,1
"200,379",4,1,1
"200,748",4,1,1
"201,010",4,1,1
"201,052",4,1,1
"201,328",4,1,1
"201,407",4,1,1
"201,459",4,1,32
"201,560",3,1,1
"201,560",4,1,1
"201,659",4,1,1
"202,188",4,1,4
"202,287",4,1,1
"202,366",3,1,1
"202,382",4,1,1
"203,399",4,1,1
"203,455",3,1,3
"204,065",4,1,1
"204,191",4,1,2
"204,282",3,1,1
"204,630",4,1,1
"204,695",4,1,1
"205,813",4,1,1
"205,820",4,1,2
"206,065",4,1,1
"206,103",4,1,2
"206,149",4,1,1
"206,323",4,1,1
"206,499",4,1,4
"206,691",3,1,2
"206,825",3,1,2
"207,020",4,1,1
"207,074",4,1,1
"207,081",4,1,9
"207,120",4,1,1
"207,423",3,1,3
"207,423",4,1,1
"207,589",3,1,1
"207,994",4,1,1
"208,007",4,1,1
"208,120",4,1,1
"208,205",3,1,3
"208,235",4,1,5
"208,254",3,1,1
"208,395",4,1,1
"208,819",4,1,2
"208,940",4,1,1
"209,125",4,1,1
"209,982",4,1,1
"210,149",4,1,1
"210,291",4,1,1
"210,322",4,1,1
"210,340",4,1,1
"210,342",4,1,1
"210,343",4,1,1
"210,856",4,1,1
"210,932",3,1,1
"210,937",3,1,1
"210,943",3,1,1
"211,091",4,1,10
"211,336",4,1,1
"211,527",4,1,1
"211,581",3,1,2
"211,847",4,1,2
"212,123",4,1,1
"212,305",3,1,1
"212,741",4,1,5
"212,771",3,1,1
"212,847",3,1,1
"212,847",4,1,2
"213,233",3,1,1
"213,425",3,1,1
"213,905",3,1,1
"213,906",4,1,1
"214,806",3,1,2
"214,836",4,1,1
"214,861",3,1,1
"214,928",4,1,2
"215,121",3,1,2
"215,121",4,1,7
"215,140",4,1,1
"215,268",4,1,1
"215,493",4,1,2
"215,569",4,1,1
"215,699",3,1,5
"215,825",4,1,1
"216,033",4,1,1
"216,218",4,1,3
"216,219",4,1,1
"216,523",4,1,1
"216,587",4,1,1
"216,635",3,1,10
"216,635",4,1,29
"216,755",4,1,3
"216,784",4,1,1
"216,799",4,1,1
"216,801",4,1,1
"216,863",3,1,1
"216,867",4,1,32
"216,890",3,1,2
"216,890",4,1,1
"216,891",3,1,1
"216,894",3,1,3
"216,894",4,1,5
"216,896",3,1,1
"216,896",4,1,1
"216,912",3,1,1
"216,915",4,1,1
"216,916",3,1,1
"216,916",4,1,1
"216,919",3,1,1
"216,952",3,1,1
"216,952",4,1,1
"216,975",3,1,6
"216,975",4,1,5
"217,750",4,1,1
"217,936",4,1,1
"217,964",4,1,1
"218,396",4,1,1
"218,545",4,1,2
"218,649",4,1,2
"218,674",4,1,1
"218,912",4,1,1
"219,136",4,1,1
"219,139",4,1,2
"219,162",4,1,1
"219,235",3,1,1
"219,235",4,1,1
"219,466",4,1,1
"219,489",3,1,1
"219,543",4,1,1
"220,042",4,1,2
"220,074",3,1,1
"220,099",3,1,3
"220,112",4,1,1
"220,347",3,1,1
"220,351",4,1,1
"220,420",3,1,1
"220,420",4,1,1
"220,423",3,1,3
"220,423",4,1,5
"220,469",4,1,1
"220,538",3,1,2
"220,538",4,1,3
"220,670",3,1,3
"220,689",4,1,3
"220,735",4,1,2
"220,836",4,1,1
"220,911",4,1,1
"221,283",4,1,2
"221,510",4,1,1
"221,588",4,1,1
"221,628",3,1,1
"221,757",4,1,1
"221,808",4,1,2
"222,040",4,1,1
"222,536",4,1,1
"222,680",3,1,1
"222,684",4,1,2
"222,694",4,1,3
"222,856",3,1,1
"223,045",4,1,1
"223,190",3,1,1
"223,468",4,1,2
"224,039",3,1,1
"224,040",4,1,1
"224,118",4,1,1
"224,205",3,1,1
"224,208",4,1,1
"224,210",3,1,1
"224,211",4,1,1
"224,213",4,1,1
"224,215",4,1,23
"224,234",3,1,2
"224,234",4,1,1
"224,503",3,1,1
"225,254",4,1,1
"225,370",4,1,1
"225,401",4,1,1
"225,701",3,1,1
"225,985",4,1,1
"226,379",4,1,2
"226,405",3,1,9
"226,716",4,1,1
"226,915",4,1,2
"226,927",4,1,1
"226,933",4,1,1
"227,049",3,1,1
"227,698",4,1,1
"227,958",4,1,1
"228,040",3,1,1
"228,045",4,1,1
"228,273",4,1,1
"228,623",4,1,1
"228,671",3,1,5
"228,686",3,1,3
"228,738",4,1,1
"228,848",3,1,1
"229,160",4,1,1
"229,303",4,1,1
"229,459",4,1,2
"229,589",3,1,1
"229,607",4,1,1
"229,964",3,1,5
"230,289",4,1,2
"230,476",4,1,1
"231,144",4,1,1
"231,314",4,1,1
"232,151",3,1,1
"232,184",4,1,1
"232,498",3,1,1
"232,560",4,1,1
"232,804",4,1,1
"233,226",4,1,1
"233,410",4,1,8
"233,721",4,1,4
"234,318",4,1,3
"234,721",4,1,1
"234,760",4,1,4
"234,763",4,1,1
"234,884",3,1,3
"234,884",4,1,1
"235,261",4,1,1
"235,359",4,1,1
"235,361",3,1,2
"235,666",3,1,1
"235,988",3,1,1
"235,988",4,1,1
"236,235",4,1,1
"236,785",3,1,9
"237,161",4,1,1
"237,317",4,1,1
"237,319",3,1,1
"237,453",4,1,1
"237,483",4,1,1
"238,332",3,1,1
"238,363",4,1,1
"238,364",3,1,1
"238,364",4,1,1
"238,368",3,1,1
"238,562",3,1,3
"238,562",4,1,2
"238,756",3,1,2
"238,756",4,1,3
"238,994",4,1,3
"239,088",4,1,1
"239,571",4,1,1
"239,831",4,1,1
"240,100",4,1,1
"240,250",3,1,1
"240,707",3,1,1
"240,710",4,1,1
"240,936",3,1,1
"241,165",3,1,1
"241,293",4,1,5
"242,124",4,1,1
"242,278",4,1,6
"242,736",4,1,1
"242,778",4,1,1
"243,357",4,1,1
"243,501",4,1,1
"244,177",3,1,2
"244,177",4,1,1
"244,401",3,1,1
"244,500",3,1,1
"244,724",4,1,1
"244,991",4,1,1
"245,015",3,1,1
"245,527",4,1,1
"245,673",4,1,1
"246,225",4,1,3
"246,242",4,1,1
"246,495",4,1,1
"246,657",4,1,2
"246,824",4,1,1
"246,830",4,1,2
"246,954",4,1,2
"247,487",4,1,2
"247,704",4,1,1
"247,705",4,1,1
"247,800",3,1,1
"247,800",4,1,1
"248,259",3,1,1
"248,349",4,1,1
"248,354",4,1,1
"248,531",4,1,1
"248,843",3,1,1
"248,906",4,1,1
"249,457",4,1,1
"249,585",4,1,1
"249,589",3,1,1
"249,589",4,1,1
"249,842",3,1,1
"249,864",4,1,5
"249,931",4,1,1
"249,977",3,1,2
"249,977",4,1,1
"250,831",4,1,1
"250,941",4,1,2
"251,624",4,1,1
"251,691",4,1,10
"252,126",3,1,1
"252,126",4,1,8
"252,694",4,1,1
"252,740",3,1,1
"252,740",4,1,2
"253,060",3,1,2
"253,263",4,1,2
"253,828",3,1,11
"253,830",4,1,1
"254,714",4,1,3
"254,723",3,1,37
"254,723",4,1,179
"254,754",4,1,1
"254,860",4,1,1
"254,871",4,1,1
"255,245",4,1,1
"255,649",3,1,1
"255,914",4,1,1
"256,104",4,1,1
"256,137",4,1,1
"256,145",4,1,1
"256,260",4,1,1
"256,367",3,1,2
"256,367",4,1,1
"256,376",3,1,12
"256,376",4,1,10
"256,461",4,1,2
"257,155",3,1,1
"257,287",4,1,1
"257,705",4,1,1
"257,706",4,1,1
"258,062",3,1,1
"258,065",3,1,2
"258,086",4,1,1
"258,102",4,1,1
"258,617",4,1,1
"258,655",4,1,1
"258,767",3,1,5
"258,767",4,1,11
"259,115",4,1,1
"259,285",4,1,1
"259,325",4,1,1
"259,476",4,1,2
"259,559",4,1,1
"259,564",4,1,1
"259,572",4,1,2
"259,577",4,1,1
"259,677",4,1,11
"259,904",4,1,1
"259,999",4,1,1
"260,079",3,1,1
"260,079",4,1,1
"260,560",4,1,2
"260,997",3,1,1
"260,997",4,1,1
"261,003",3,1,1
"261,110",4,1,1
"261,450",3,1,1
"261,450",4,1,1
"262,216",3,1,1
"262,736",4,1,1
"263,058",4,1,1
"263,155",4,1,1
"263,471",3,1,7
"263,679",4,1,1
"263,769",4,1,1
"263,910",4,1,1
"263,943",3,1,1
"264,301",4,1,1
"264,337",4,1,2
"264,352",4,1,1
"264,511",4,1,2
"264,827",4,1,1
"264,857",3,1,1
"264,869",4,1,1
"264,918",4,1,1
"264,933",4,1,1
"265,127",4,1,1
"265,368",3,1,1
"265,410",3,1,1
"265,492",4,1,3
"265,523",4,1,1
"265,630",3,1,2
"265,815",4,1,1
"266,324",3,1,1
"266,324",4,1,1
"266,498",4,1,1
"266,504",3,1,1
"266,525",3,1,1
"266,608",4,1,1
"266,854",4,1,4
"267,004",4,1,1
"267,006",3,1,5
"267,136",4,1,1
"267,163",4,1,1
"267,314",3,1,1
"267,332",4,1,1
"267,336",4,1,1
"267,378",4,1,1
"267,436",4,1,1
"267,494",3,1,1
"267,494",4,1,1
"267,521",4,1,2
"267,545",4,1,27
"267,711",4,1,1
"267,722",4,1,1
"267,784",3,1,25
"267,793",3,1,2
"267,950",3,1,3
"267,951",4,1,2
"268,003",4,1,1
"268,004",4,1,1
"268,006",3,1,1
"268,006",4,1,1
"268,023",2,1,1
"268,023",4,1,1
"268,056",4,1,1
"268,075",4,1,1
"268,218",3,1,1
"268,218",4,1,1
"268,223",4,1,1
"268,226",4,1,1
"268,324",4,1,96
"268,396",3,1,1
"268,396",4,1,4
"268,409",3,1,1
"268,419",4,1,1
"268,451",4,1,1
"268,484",4,1,2
"268,534",4,1,45
"268,548",3,1,1
"268,831",4,1,1
"268,864",3,1,1
"268,992",4,1,1
"269,006",4,1,1
"269,165",4,1,1
"269,203",3,1,8
"269,203",4,1,1
"269,242",3,1,1
"269,302",4,1,1
"269,390",4,1,1
"269,405",3,1,1
"269,481",4,1,2
"269,590",4,1,1
"269,696",3,1,1
"270,016",3,1,1
"270,046",3,1,1
"270,403",3,1,1
"270,511",4,1,3
"270,556",3,1,1
"270,601",4,1,1
"270,604",4,1,1
"270,631",3,1,3
"270,631",4,1,1
"270,829",3,1,3
"270,837",4,1,2
"270,842",3,1,1
"270,978",3,1,4
"271,110",4,1,1
"271,148",3,1,1
"271,148",4,1,1
"271,154",4,1,1
"271,200",4,1,1
"271,309",3,1,1
"271,378",4,1,1
"271,476",4,1,2
"271,625",3,1,1
"271,671",3,1,2
"271,671",4,1,10
"271,791",4,1,2
"271,811",4,1,1
"271,923",3,1,1
"272,003",3,1,1
"272,113",4,1,1
"272,125",3,1,1
"272,125",4,1,2
"272,350",4,1,1
"272,413",3,1,1
"272,672",4,1,1
"272,711",4,1,1
"272,771",4,1,1
"272,942",4,1,1
"273,016",4,1,1
"273,033",3,1,2
"273,033",4,1,7
"273,059",3,1,1
"273,171",4,1,1
"273,432",4,1,1
"273,486",3,1,1
"273,486",4,1,4
"273,520",3,1,1
"273,636",3,1,1
"273,703",4,1,1
"273,704",4,1,2
"273,716",3,1,1
"273,720",3,1,1
"274,066",4,1,2
"274,077",4,1,3
"274,083",3,1,1
"274,142",4,1,2
"274,194",3,1,1
"274,212",4,1,1
"274,368",4,1,1
"274,376",4,1,2
"274,377",4,1,2
"274,381",3,1,1
"274,417",4,1,2
"274,548",3,1,1
"274,565",3,1,2
"274,566",4,1,1
"274,582",3,1,1
"274,595",3,1,1
"274,595",4,1,1
"274,607",3,1,1
"274,609",4,1,1
"274,674",4,1,1
"274,769",3,1,2
"274,779",4,1,1
"274,828",4,1,1
"274,885",4,1,2
"274,944",4,1,1
"275,055",4,1,2
"275,058",4,1,1
"275,062",4,1,7
"275,167",3,1,5
"275,167",4,1,2
"275,168",4,1,1
"275,175",4,1,1
"275,269",3,1,1
"275,594",4,1,1
"275,610",3,1,1
"275,615",4,1,1
"275,671",4,1,1
"275,683",4,1,4
"275,685",4,1,1
"275,697",3,1,2
"275,697",4,1,1
"275,727",3,1,1
"275,731",4,1,1
"275,736",4,1,2
"275,833",4,1,1
"275,841",4,1,1
"275,844",4,1,1
"276,049",4,1,1
"276,084",4,1,16
"276,194",4,1,1
"276,279",4,1,1
"276,341",4,1,1
"276,406",4,1,1
"276,531",4,1,1
"276,541",4,1,13
"276,548",4,1,1
"276,594",3,1,1
"276,754",3,1,1
"277,030",3,1,1
"277,045",4,1,1
"277,087",4,1,2
"277,223",3,1,8
"277,427",4,1,2
"277,554",4,1,1
"277,628",4,1,3
"277,973",4,1,1
"277,979",4,1,1
"278,105",4,1,1
"278,163",4,1,2
"278,212",4,1,1
"278,218",4,1,2
"278,230",4,1,1
"278,452",4,1,1
"278,612",3,1,1
"278,801",4,1,14
"278,900",4,1,1
"278,920",4,1,1
"278,937",4,1,3
"278,944",4,1,1
"279,193",3,1,7
"279,572",4,1,1
"279,779",4,1,1
"279,819",4,1,1
"279,830",4,1,1
"279,872",3,1,1
"279,878",4,1,1
"279,895",4,1,3
"279,912",4,1,1
"279,974",3,1,3
"280,130",4,1,1
"280,132",4,1,1
"280,135",3,1,8
"280,181",4,1,1
"280,299",4,1,1
"280,390",3,1,11
"280,390",4,1,9
"280,391",3,1,1
"280,395",4,1,1
"280,998",4,1,1
"281,087",4,1,1
"281,200",3,1,1
"281,203",3,1,1
"281,219",4,1,1
"281,225",3,1,1
"281,236",4,1,1
"281,256",4,1,1
"281,562",4,1,1
"281,943",4,1,1
"282,066",4,1,1
"282,106",3,1,1
"282,243",3,1,5
"282,243",4,1,2
"282,336",3,1,10
"282,475",4,1,1
"282,480",4,1,1
"282,564",4,1,1
"282,579",4,1,1
"282,582",3,1,1
"282,582",4,1,4
"282,627",4,1,3
"282,684",4,1,1
"282,793",3,1,1
"282,799",4,1,1
"282,903",3,1,1
"282,903",4,1,1
"282,907",3,1,1
"282,939",4,1,36
"283,005",4,1,1
"283,056",4,1,5
"283,087",4,1,1
"283,096",4,1,1
"283,117",3,1,1
"283,151",4,1,2
"283,158",4,1,1
"283,167",4,1,21
"283,174",4,1,22
"283,199",3,1,1
"283,261",4,1,1
"283,291",4,1,1
"283,292",3,1,1
"283,292",4,1,6
"283,336",3,1,1
"283,347",4,1,1
"283,384",4,1,1
"283,837",4,1,1
"284,040",4,1,1
"284,380",4,1,5
"284,953",3,1,1
"285,123",3,1,10
"285,140",4,1,1
"285,147",4,1,1
"285,186",3,1,1
"285,250",3,1,1
"285,250",4,1,1
"285,273",4,1,15
"285,478",3,1,12
"285,478",4,1,32
"285,570",3,1,4
"285,570",4,1,5
"285,584",4,1,1
"285,648",4,1,1
"285,742",4,1,1
"286,004",4,1,1
"286,056",3,1,1
"286,084",4,1,1
"286,088",3,1,1
"286,270",3,1,5
"286,890",4,1,1
"286,974",4,1,1
"287,059",4,1,2
"287,082",3,1,3
"287,082",4,1,1
"287,128",4,1,1
"287,347",4,1,1
"287,382",4,1,9
"287,538",3,1,1
"287,574",3,1,1
"287,574",4,1,1
"287,605",3,1,1
"287,645",3,1,1
"287,907",4,1,1
"287,908",3,1,1
"287,919",4,1,1
"287,942",4,1,1
"288,023",4,1,1
"288,061",4,1,3
"288,064",4,1,14
"288,072",4,1,1
"288,142",4,1,1
"288,184",3,1,1
"288,269",4,1,1
"288,304",4,1,1
"288,308",4,1,1
"288,347",4,1,2
"288,373",3,1,1
"288,373",4,1,1
"288,541",4,1,1
"288,548",4,1,1
"288,554",4,1,1
"288,568",4,1,5
"288,589",3,1,1
"288,698",3,1,2
"288,730",4,1,1
"288,747",4,1,1
"288,761",4,1,1
"288,767",4,1,1
"288,787",3,1,1
"288,882",4,1,1
"289,084",4,1,1
"289,261",3,1,2
"289,262",4,1,1
"289,270",4,1,1
"289,307",4,1,3
"289,319",3,1,1
"289,425",3,1,1
"289,462",3,1,1
"289,502",3,1,1
"289,584",3,1,1
"289,682",4,1,1
"289,717",4,1,1
"289,771",3,1,2
"289,835",4,1,1
"289,857",4,1,1
"289,873",3,1,1
"289,965",4,1,3
"289,985",3,1,1
"289,985",4,1,1
"290,028",3,1,1
"290,088",4,1,1
"290,173",3,1,2
"290,219",4,1,7
"290,220",3,1,18
"290,281",4,1,2
"290,367",4,1,1
"290,482",3,1,1
"290,664",4,1,1
"290,702",4,1,1
"290,734",4,1,1
"290,753",4,1,1
"290,849",4,1,1
"290,889",4,1,1
"290,926",4,1,1
"291,022",3,1,1
"291,142",4,1,1
"291,201",3,1,4
"291,346",4,1,1
"291,465",3,1,1
"291,465",4,1,1
"291,485",4,1,1
"291,510",4,1,1
"291,538",4,1,1
"291,543",3,1,1
"291,543",4,1,1
"291,558",3,1,6
"291,593",4,1,1
"291,594",4,1,5
"291,663",3,1,1
"291,680",4,1,1
"291,735",4,1,1
"291,902",4,1,2
"292,083",3,1,1
"292,092",4,1,3
"292,096",4,1,2
"292,108",3,1,1
"292,108",4,1,1
"292,117",3,1,1
"292,225",4,1,1
"292,232",4,1,1
"292,244",4,1,3
"292,341",4,1,1
"292,442",4,1,1
"292,453",4,1,1
"292,478",3,1,1
"292,479",4,1,3
"292,956",4,1,6
"293,150",4,1,1
"293,205",3,1,1
"293,279",3,1,1
"293,699",4,1,1
"293,786",3,1,1
"294,005",3,1,18
"294,028",3,1,2
"294,053",4,1,1
"294,072",3,1,1
"294,165",4,1,1
"294,193",4,1,2
"294,196",4,1,1
"294,197",4,1,1
"294,199",4,1,1
"294,214",4,1,1
"294,222",3,1,1
"294,222",4,1,1
"294,223",4,1,1
"294,228",3,1,1
"294,269",3,1,1
"294,269",4,1,3
"294,342",4,1,2
"294,487",3,1,2
"294,493",4,1,1
"294,649",3,1,2
"294,654",4,1,1
"294,687",4,1,1
"294,842",3,1,1
"294,844",4,1,1
"294,927",4,1,1
"294,984",3,1,1
"295,083",4,1,1
"295,160",3,1,1
"295,160",4,1,1
"295,183",4,1,1
"295,193",4,1,1
"295,210",4,1,1
"295,211",4,1,20
"295,238",3,1,3
"295,245",4,1,1
"295,265",3,1,1
"295,265",4,1,4
"295,359",4,1,1
"295,361",4,1,1
"295,364",4,1,1
"295,378",3,1,5
"295,378",4,1,1
"295,410",4,1,1
"295,467",4,1,1
"295,603",3,1,1
"295,639",4,1,1
"295,725",4,1,2
"295,738",4,1,1
"295,761",4,1,1
"295,836",4,1,3
"295,854",4,1,2
"295,875",4,1,1
"295,892",4,1,1
"295,901",3,1,3
"295,901",4,1,1
"296,045",4,1,2
"296,052",3,1,1
"296,118",4,1,1
"296,148",3,1,1
"296,155",4,1,1
"296,186",4,1,1
"296,244",3,1,1
"296,250",4,1,1
"296,273",4,1,1
"296,281",4,1,1
"296,324",3,1,1
"296,359",4,1,1
"296,363",4,1,1
"296,369",4,1,2
"296,388",4,1,2
"296,535",3,1,1
"296,535",4,1,1
"296,770",3,1,1
"296,781",3,1,2
"296,781",4,1,9
"296,814",4,1,1
"296,988",3,1,1
"297,130",4,1,1
"297,139",3,1,1
"297,139",4,1,1
"297,324",4,1,1
"297,378",4,1,1
"297,407",4,1,1
"297,417",4,1,1
"297,469",3,1,2
"297,512",3,1,1
"297,632",4,1,1
"297,634",3,1,1
"297,659",3,1,1
"297,694",4,1,1
"297,764",3,1,2
"297,771",4,1,1
"297,786",4,1,3
"297,810",3,1,1
"297,864",4,1,1
"297,882",3,1,1
"297,882",4,1,1
"297,892",4,1,1
"297,909",4,1,1
"298,641",3,1,1
"298,792",4,1,1
"299,192",4,1,1
"299,210",4,1,2
"299,319",4,1,2
"299,356",4,1,1
"299,369",3,1,1
"299,445",4,1,1
"299,524",3,1,1
"299,598",3,1,9
"299,643",3,1,1
"299,818",4,1,1
"299,840",3,1,1
"299,848",4,1,1
"299,860",4,1,1
"299,928",4,1,1
"299,992",4,1,5
"300,004",3,1,1
"300,007",4,1,1
"300,029",3,1,1
"300,054",3,1,1
"300,074",4,1,1
"300,222",4,1,1
"300,241",3,1,2
"300,247",4,1,1
"300,280",4,1,1
"300,350",4,1,1
"300,375",3,1,1
"300,418",3,1,3
"300,480",4,1,2
"300,549",4,1,1
"300,578",4,1,2
"300,741",4,1,1
"300,902",4,1,1
"300,904",3,1,15
"300,904",4,1,8
"300,916",3,1,1
"300,916",4,1,1
"300,960",4,1,2
"301,414",3,1,1
"301,414",4,1,2
"301,438",3,1,1
"301,556",4,1,1
"301,648",4,1,1
"301,673",3,1,1
"301,728",3,1,1
"301,910",3,1,1
"301,945",4,1,66
"302,962",4,1,1
"303,372",3,1,2
"303,469",4,1,1
"303,533",4,1,2
"303,608",3,1,7
"303,611",4,1,1
"303,762",3,1,2
"303,807",3,1,1
"303,820",3,1,1
"303,872",3,1,1
"303,952",3,1,9
"304,043",4,1,2
"304,066",3,1,2
"304,066",4,1,5
"304,176",3,1,1
"304,176",4,1,1
"304,194",3,1,1
"304,244",3,1,1
"304,371",4,1,2
"304,381",4,1,1
"304,415",4,1,1
"304,443",4,1,1
"304,576",4,1,1
"304,619",4,1,1
"304,626",3,1,1
"304,626",4,1,4
"304,684",4,1,1
"304,762",3,1,2
"304,762",4,1,1
"304,884",4,1,1
"304,954",4,1,1
"304,974",4,1,1
"305,021",3,1,5
"305,056",4,1,1
"305,069",3,1,1
"305,187",4,1,1
"305,337",4,1,2
"305,338",4,1,1
"305,484",4,1,2
"305,534",4,1,1
"305,644",4,1,1
"305,647",3,1,1
"305,657",3,1,1
"305,724",4,1,12
"305,994",4,1,1
"306,013",4,1,1
"306,152",3,1,1
"306,160",3,1,1
"306,185",3,1,1
"306,301",3,1,5
"306,519",3,1,3
"306,540",4,1,10
"306,656",3,1,1
"306,669",4,1,1
"306,693",4,1,2
"306,735",3,1,1
"306,775",4,1,1
"306,798",4,1,1
"306,800",4,1,1
"306,806",4,1,1
"306,874",4,1,1
"306,875",4,1,2
"307,079",4,1,2
"307,165",3,1,2
"307,253",4,1,1
"307,313",4,1,1
"307,332",4,1,1
"307,343",4,1,1
"307,393",4,1,1
"307,442",4,1,1
"307,457",4,1,1
"307,516",4,1,1
"307,559",3,1,1
"307,559",4,1,1
"307,565",4,1,1
"307,597",3,1,1
"307,728",3,1,1
"307,785",4,1,1
"307,969",4,1,1
"308,023",4,1,1
"308,047",4,1,1
"308,106",4,1,62
"308,134",4,1,1
"308,223",4,1,2
"308,224",3,1,1
"308,263",4,1,4
"308,312",3,1,1
"308,312",4,1,4
"308,314",3,1,1
"308,457",4,1,1
"308,466",4,1,1
"308,467",3,1,2
"308,468",3,1,1
"308,475",4,1,1
"308,506",3,1,6
"308,723",4,1,1
"308,739",3,1,1
"308,878",3,1,1
"309,022",4,1,2
"309,330",4,1,3
"309,363",4,1,2
"309,416",3,1,1
"309,562",4,1,3
"310,010",4,1,3
"310,056",4,1,3
"310,126",3,1,1
"310,234",4,1,1
"310,243",4,1,1
"310,425",4,1,1
"310,452",4,1,15
"310,526",4,1,2
"310,529",4,1,1
"310,672",3,1,1
"310,880",4,1,1
"311,083",4,1,1
"311,187",3,1,1
"311,252",4,1,1
"311,504",4,1,1
"311,516",4,1,1
"311,519",3,1,1
"311,569",3,1,1
"311,615",4,1,6
"311,642",3,1,1
"311,725",3,1,1
"312,031",3,1,43
"312,031",4,1,1
"312,140",4,1,2
"312,380",3,1,1
"312,427",4,1,1
"312,431",3,1,1
"312,474",4,1,1
"312,721",4,1,1
"312,921",4,1,2
"313,012",4,1,2
"313,167",4,1,2
"313,181",4,1,1
"313,213",3,1,1
"313,220",4,1,2
"313,348",4,1,2
"313,456",3,1,1
"313,512",4,1,1
"313,636",4,1,1
"313,667",4,1,1
"313,727",4,1,1
"313,772",4,1,2
"313,790",3,1,1
"314,089",3,1,2
"314,089",4,1,1
"314,249",3,1,1
"314,250",4,1,1
"314,265",4,1,1
"314,291",3,1,1
"314,317",4,1,1
"314,779",3,1,4
"314,786",4,1,3
"314,796",4,1,65
"314,984",3,1,1
"315,286",3,1,1
"315,457",3,1,1
"315,471",4,1,1
"315,527",4,1,3
"315,543",3,1,1
"315,597",4,1,2
"315,708",4,1,1
"315,844",4,1,1
"315,858",3,1,29
"315,859",4,1,1
"315,928",4,1,2
"315,982",4,1,1
"316,024",3,1,28
"316,039",3,1,1
"316,044",3,1,1
"316,044",4,1,2
"316,047",4,1,1
"316,163",3,1,1
"316,225",4,1,1
"316,646",3,1,1
"316,806",3,1,1
"316,817",4,1,11
"316,865",4,1,2
"316,909",3,1,1
"316,985",4,1,1
"316,995",4,1,2
"317,097",3,1,2
"317,105",3,1,1
"317,299",4,1,1
"317,479",4,1,1
"317,496",3,1,9
"317,496",4,1,10
"317,556",3,1,4
"317,556",4,1,1
"317,902",4,1,1
"317,904",4,1,1
"317,906",4,1,1
"317,947",3,1,4
"318,179",3,1,1
"318,212",4,1,1
"318,305",4,1,1
"318,423",4,1,2
"318,464",4,1,1
"318,688",4,1,1
"318,692",3,1,1
"318,727",3,1,1
"318,727",4,1,4
"318,776",3,1,2
"318,862",3,1,1
"318,977",4,1,1
"319,031",4,1,1
"319,164",4,1,2
"319,166",4,1,1
"319,170",3,1,1
"319,170",4,1,1
"319,179",4,1,1
"319,299",4,1,1
"319,450",3,1,5
"319,530",4,1,1
"319,552",3,1,1
"319,552",4,1,1
"319,688",4,1,1
"319,703",3,1,1
"319,744",4,1,1
"319,778",3,1,1
"319,783",4,1,1
"319,838",3,1,1
"319,902",4,1,1
"319,946",4,1,1
"320,127",3,1,5
"320,127",4,1,4
"320,154",4,1,1
"320,285",4,1,1
"320,289",3,1,1
"320,341",3,1,1
"320,347",4,1,1
"320,380",4,1,1
"320,450",2,1,1
"320,450",4,1,4
"320,468",3,1,1
"320,600",3,1,8
"320,600",4,1,109
"320,869",4,1,1
"320,915",4,1,10
"320,976",3,1,3
"321,134",4,1,1
"321,180",4,1,1
"321,268",4,1,29
"321,305",3,1,1
"321,305",4,1,2
"321,458",3,1,2
"321,505",4,1,1
"321,526",3,1,1
"321,526",4,1,2
"321,562",3,1,1
"321,606",4,1,1
"321,636",3,1,1
"321,673",4,1,1
"321,724",3,1,1
"321,796",3,1,1
"321,840",4,1,2
"321,875",4,1,1
"321,936",3,1,1
"321,936",4,1,7
"321,956",3,1,2
"321,956",4,1,1
"322,039",4,1,1
"322,110",3,1,1
"322,110",4,1,1
"322,130",3,1,1
"322,182",4,1,1
"322,183",4,1,1
"322,284",4,1,1
"322,305",3,1,2
"322,335",4,1,1
"322,455",4,1,1
"322,474",3,1,1
"322,546",3,1,1
"322,546",4,1,1
"322,660",3,1,1
"322,780",4,1,1
"322,939",3,1,2
"323,087",3,1,1
"323,143",4,1,1
"323,162",3,1,1
"323,252",3,1,1
"323,404",3,1,1
"323,469",4,1,2
"323,554",4,1,1
"323,594",4,1,1
"323,595",4,1,1
"323,803",3,1,1
"323,811",4,1,1
"323,897",3,1,1
"323,926",4,1,1
"324,128",4,1,2
"324,145",3,1,1
"324,148",3,1,1
"324,148",4,1,2
"324,170",4,1,1
"324,187",3,1,1
"324,313",4,1,2
"324,442",4,1,1
"324,447",4,1,2
"324,485",4,1,5
"324,495",4,1,1
"324,583",4,1,1
"324,625",3,1,1
"324,629",4,1,1
"324,665",4,1,1
"324,706",4,1,1
"324,707",4,1,1
"324,712",4,1,1
"324,747",3,1,1
"324,811",3,1,1
"324,811",4,1,1
"324,908",4,1,1
"324,920",4,1,1
"324,961",4,1,39
"324,969",3,1,2
"324,969",4,1,1
"324,972",4,1,1
"324,981",4,1,3
"325,008",4,1,1
"325,055",4,1,1
"325,137",2,1,1
"325,137",3,1,1
"325,137",4,1,1
"325,234",3,1,3
"325,234",4,1,4
"325,275",4,1,2
"325,300",4,1,1
"325,331",4,1,1
"325,469",4,1,2
"325,533",4,1,1
"325,547",4,1,2
"325,871",4,1,1
"325,877",4,1,1
"325,879",4,1,1
"325,969",4,1,1
"326,082",3,1,1
"326,085",3,1,2
"326,201",4,1,1
"326,203",4,1,1
"326,242",4,1,1
"326,288",3,1,1
"326,353",4,1,2
"326,399",4,1,1
"326,408",3,1,1
"326,415",4,1,1
"326,420",3,1,4
"326,451",3,1,4
"326,451",4,1,2
"326,471",3,1,7
"326,476",4,1,1
"326,478",4,1,1
"326,488",3,1,1
"326,488",4,1,447
"326,499",4,1,1
"326,521",4,1,1
"326,544",4,1,1
"326,569",4,1,1
"326,635",4,1,2
"326,642",4,1,1
"326,644",4,1,1
"326,649",3,1,67
"326,649",4,1,3
"326,657",4,1,1
"326,672",4,1,1
"326,742",3,1,1
"326,743",4,1,2
"326,814",4,1,2
"326,887",4,1,1
"326,896",3,1,1
"326,958",3,1,1
"326,963",3,1,1
"326,967",4,1,1
"327,007",4,1,1
"327,111",4,1,1
"327,178",3,1,2
"327,178",4,1,2
"327,186",4,1,1
"327,209",3,1,1
"327,211",4,1,1
"327,225",4,1,1
"327,254",4,1,1
"327,287",4,1,1
"327,340",3,1,1
"327,393",4,1,1
"327,479",4,1,1
"327,529",4,1,1
"327,567",3,1,1
"327,621",3,1,1
"327,637",4,1,1
"327,696",4,1,1
"327,782",3,1,1
"327,801",4,1,1
"327,890",3,1,2
"327,890",4,1,1
"327,998",4,1,1
"328,002",4,1,1
"328,049",3,1,1
"328,066",3,1,1
"328,067",4,1,1
"328,126",4,1,1
"328,259",3,1,1
"328,259",4,1,1
"328,365",3,1,1
"328,377",3,1,1
"328,377",4,1,1
"328,414",3,1,1
"328,460",3,1,1
"328,472",4,1,1
"328,567",3,1,1
"328,567",4,1,2
"328,581",3,1,1
"328,594",3,1,1
"328,612",4,1,1
"328,717",3,1,1
"328,717",4,1,1
"328,762",4,1,2
"328,788",3,1,2
"328,941",3,1,4
"329,144",3,1,1
"329,230",3,1,3
"329,234",4,1,2
"329,344",4,1,1
"329,407",3,1,2
"329,453",4,1,2
"329,687",4,1,1
"329,696",4,1,1
"329,708",4,1,1
"329,790",4,1,1
"329,792",4,1,1
"329,821",3,1,7
"329,893",3,1,2
"329,893",4,1,1
"329,901",4,1,1
"330,065",3,1,1
"330,076",3,1,1
"330,076",4,1,1
"330,089",4,1,1
"330,119",3,1,1
"330,217",4,1,1
"330,225",4,1,1
"330,232",3,1,2
"330,232",4,1,1
"330,237",3,1,1
"330,238",4,1,1
"330,250",3,1,3
"330,250",4,1,1
"330,257",4,1,1
"330,293",4,1,1
"330,343",3,1,1
"330,343",4,1,5
"330,360",3,1,1
"330,375",3,1,1
"330,375",4,1,1
"330,411",3,1,1
"330,411",4,1,1
"330,446",4,1,1
"330,507",4,1,1
"330,509",3,1,1
"330,523",4,1,1
"330,609",4,1,7
"330,610",3,1,1
"330,624",4,1,1
"330,645",4,1,1
"330,664",4,1,1
"330,694",4,1,1
"330,860",3,1,1
"330,891",4,1,2
"331,060",3,1,1
"331,079",4,1,1
"331,098",3,1,1
"331,119",4,1,1
"331,132",4,1,1
"331,198",3,1,3
"331,223",4,1,1
"331,257",4,1,1
"331,298",3,1,2
"331,335",4,1,1
"331,360",4,1,1
"331,379",4,1,1
"331,389",3,1,1
"331,809",3,1,1
"331,809",4,1,1
"331,813",3,1,1
"331,987",3,1,1
"331,998",4,1,2
"332,067",3,1,2
"332,280",4,1,3
"332,284",4,1,1
"332,326",4,1,1
"332,333",4,1,1
"332,610",3,1,1
"332,667",4,1,1
"332,710",3,1,1
"332,734",4,1,1
"332,929",3,1,1
"333,051",4,1,1
"333,085",4,1,1
"333,086",4,1,1
"333,220",4,1,2
"333,299",4,1,7
"333,302",4,1,4
"333,304",4,1,1
"333,361",4,1,4
"333,541",4,1,1
"333,656",4,1,1
"333,677",3,1,1
"333,894",4,1,1
"333,933",3,1,1
"333,933",4,1,4
"333,934",3,1,1
"333,935",4,1,1
"333,939",4,1,1
"333,942",3,1,2
"333,942",4,1,2
"333,947",4,1,1
"333,979",3,1,1
"334,006",3,1,1
"334,139",3,1,1
"334,324",4,1,1
"334,400",4,1,1
"334,410",3,1,1
"334,410",4,1,1
"334,425",3,1,1
"334,492",4,1,1
"334,551",3,1,1
"334,551",4,1,2
"334,558",3,1,4
"334,607",4,1,1
"334,769",4,1,1
"334,885",4,1,1
"334,928",3,1,1
"335,032",4,1,1
"335,086",3,1,6
"335,286",4,1,1
"335,310",4,1,2
"335,340",4,1,1
"335,385",4,1,1
"335,387",4,1,1
"335,422",4,1,1
"335,497",3,1,1
"335,707",4,1,1
"335,730",3,1,1
"335,798",3,1,1
"335,798",4,1,1
"335,880",3,1,1
"335,882",4,1,1
"335,910",3,1,4
"335,910",4,1,3
"335,986",3,1,18
"336,171",4,1,1
"336,184",3,1,1
"336,279",3,1,1
"336,298",4,1,1
"336,316",4,1,2
"336,344",4,1,1
"336,410",3,1,1
"336,455",3,1,1
"336,459",4,1,33
"336,470",4,1,1
"336,515",3,1,1
"336,604",4,1,1
"336,605",4,1,2
"336,673",3,1,1
"336,710",3,1,1
"336,719",4,1,1
"336,723",3,1,1
"336,726",3,1,1
"336,760",4,1,1
"336,843",4,1,1
"336,891",4,1,1
"336,895",4,1,1
"337,011",3,1,3
"337,041",3,1,1
"337,098",4,1,2
"337,203",3,1,4
"337,203",4,1,1
"337,232",4,1,1
"337,236",4,1,1
"337,286",4,1,1
"337,291",3,1,2
"337,291",4,1,1
"337,293",3,1,58
"337,293",4,1,3
"337,337",3,1,6
"337,337",4,1,14
"337,342",4,1,2
"337,380",4,1,1
"337,382",3,1,3
"337,393",3,1,3
"337,465",4,1,4
"337,487",3,1,1
"337,533",4,1,2
"337,558",4,1,2
"337,569",4,1,1
"337,638",3,1,5
"337,638",4,1,5
"337,662",3,1,1
"337,732",4,1,1
"337,741",4,1,3
"337,789",4,1,2
"337,836",4,1,1
"338,027",3,1,1
"338,065",4,1,1
"338,128",4,1,1
"338,146",3,1,1
"338,175",3,1,1
"338,277",3,1,3
"338,283",4,1,1
"338,408",4,1,1
"338,418",4,1,6
"338,443",4,1,1
"338,461",4,1,10
"338,480",3,1,2
"338,533",3,1,1
"338,534",4,1,1
"338,543",4,1,9
"338,605",3,1,1
"338,625",4,1,6
"338,642",3,1,1
"338,643",4,1,9
"338,757",3,1,1
"338,844",4,1,1
"338,874",4,1,1
"338,877",4,1,1
"338,932",3,1,1
"338,955",3,1,2
"339,011",4,1,1
"339,083",3,1,2
"339,083",4,1,3
"339,090",4,1,1
"339,094",3,1,1
"339,179",4,1,1
"339,220",4,1,1
"339,306",4,1,1
"339,355",4,1,1
"339,487",4,1,3
"339,495",4,1,1
"339,558",3,1,1
"339,664",3,1,11
"339,664",4,1,12
"339,701",3,1,1
"339,789",3,1,1
"339,789",4,1,1
"339,855",4,1,1
"339,876",3,1,9
"340,114",3,1,1
"340,169",4,1,1
"340,189",4,1,1
"340,459",4,1,1
"340,476",4,1,1
"340,602",3,1,1
"340,603",4,1,1
"340,680",4,1,1
"340,739",4,1,1
"340,855",4,1,1
"340,926",4,1,1
"340,949",3,1,35
"340,949",4,1,40
"340,971",3,1,2
"340,980",4,1,3
"341,108",3,1,1
"341,114",4,1,1
"341,195",4,1,1
"341,240",4,1,1
"341,313",4,1,1
"341,398",3,1,1
"341,398",4,1,1
"341,528",4,1,16
"341,597",4,1,1
"341,601",4,1,2
"341,658",4,1,1
"341,744",4,1,2
"341,864",3,1,1
"341,876",4,1,1
"341,879",4,1,1
"341,880",4,1,1
"341,936",4,1,1
"342,001",3,1,1
"342,001",4,1,1
"342,003",4,1,1
"342,038",3,1,1
"342,054",4,1,1
"342,108",4,1,1
"342,109",3,1,1
"342,140",4,1,1
"342,253",4,1,1
"342,256",4,1,1
"342,299",3,1,1
"342,299",4,1,1
"342,311",4,1,1
"342,323",4,1,4
"342,345",3,1,1
"342,391",4,1,1
"342,393",3,1,1
"342,517",4,1,1
"342,518",4,1,2
"342,598",3,1,9
"342,740",3,1,1
"342,747",4,1,2
"342,825",4,1,1
"342,972",4,1,1
"343,001",4,1,1
"343,097",4,1,1
"343,110",4,1,1
"343,117",4,1,1
"343,164",4,1,11
"343,170",4,1,1
"343,235",3,1,1
"343,244",3,1,1
"343,244",4,1,5
"343,249",3,1,1
"343,250",3,1,7
"343,253",3,1,3
"343,293",4,1,1
"343,335",3,1,11
"343,355",4,1,1
"343,375",4,1,1
"343,391",4,1,1
"343,423",3,1,1
"343,423",4,1,1
"343,436",4,1,2
"343,504",3,1,2
"343,580",3,1,1
"343,580",4,1,1
"343,702",3,1,1
"343,702",4,1,2
"343,738",3,1,1
"343,756",4,1,1
"343,850",3,1,1
"343,958",3,1,1
"343,980",4,1,1
"343,992",3,1,1
"343,992",4,1,2
"344,018",3,1,3
"344,065",3,1,1
"344,108",4,1,24
"344,114",3,1,4
"344,241",4,1,3
"344,305",4,1,2
"344,306",4,1,1
"344,325",3,1,1
"344,618",3,1,1
"344,757",4,1,1
"344,780",4,1,2
"344,849",3,1,2
"344,860",4,1,1
"345,012",4,1,1
"345,044",4,1,1
"345,133",4,1,1
"345,207",4,1,1
"345,295",4,1,1
"345,321",4,1,1
"345,365",4,1,1
"345,423",4,1,2
"345,562",3,1,1
"345,628",4,1,2
"345,638",3,1,3
"345,663",4,1,1
"345,971",3,1,12
"345,971",4,1,14
"346,195",4,1,1
"346,344",3,1,1
"346,522",4,1,1
"346,668",3,1,8
"346,827",4,1,1
"346,895",3,1,2
"347,052",4,1,1
"347,247",3,1,1
"347,427",3,1,1
"347,504",4,1,1
"347,600",4,1,1
"347,961",4,1,1
"348,033",4,1,9
"348,041",4,1,3
"348,043",4,1,1
"348,111",4,1,2
"348,363",4,1,1
"348,402",4,1,1
"348,403",4,1,1
"348,405",4,1,1
"348,423",4,1,1
"348,506",4,1,1
"348,517",4,1,1
"348,530",3,1,2
"348,549",4,1,1
"348,554",4,1,2
"348,557",4,1,1
"348,654",3,1,5
"348,704",3,1,1
"348,745",3,1,2
"348,750",4,1,1
"348,765",4,1,2
"348,816",4,1,1
"348,913",3,1,4
"349,057",4,1,1
"349,081",3,1,1
"349,305",4,1,1
"349,360",3,1,1
"349,375",3,1,1
"349,399",4,1,1
"349,571",4,1,1
"349,586",4,1,2
"349,696",4,1,1
"349,698",4,1,1
"349,813",4,1,1
"349,830",4,1,1
"349,865",4,1,1
"349,927",4,1,2
"349,952",3,1,8
"350,035",4,1,2
"350,126",4,1,1
"350,189",4,1,1
"350,296",3,1,1
"350,321",4,1,1
"350,569",4,1,1
"350,585",3,1,1
"350,585",4,1,2
"350,596",4,1,1
"350,669",3,1,2
"350,669",4,1,1
"350,771",3,1,2
"350,796",4,1,2
"350,880",4,1,98
"350,990",3,1,1
"351,020",4,1,2
"351,055",3,1,1
"351,055",4,1,2
"351,058",3,1,1
"351,089",4,1,1
"351,138",3,1,2
"351,162",3,1,1
"351,184",3,1,1
"351,199",3,1,1
"351,206",4,1,1
"351,207",4,1,1
"351,208",3,1,3
"351,603",4,1,1
"351,607",3,1,1
"351,649",3,1,1
"351,905",3,1,1
"352,020",3,1,1
"352,243",4,1,1
"352,251",3,1,1
"352,278",4,1,1
"352,474",3,1,1
"352,497",4,1,1
"352,558",3,1,3
"352,573",3,1,1
"352,597",3,1,1
"352,611",3,1,2
"352,612",4,1,1
"352,614",3,1,1
"352,614",4,1,1
"352,689",4,1,11
"352,743",4,1,1
"352,763",4,1,7
"352,807",4,1,1
"352,861",3,1,1
"352,935",4,1,1
"352,996",3,1,1
"353,176",3,1,1
"353,201",4,1,1
"353,202",4,1,2
"353,387",3,1,1
"353,521",4,1,1
"353,564",4,1,1
"353,731",4,1,1
"353,756",4,1,1
"353,764",4,1,1
"353,918",4,1,1
"353,924",3,1,1
"353,924",4,1,1
"353,927",4,1,1
"354,034",4,1,2
"354,044",3,1,2
"354,108",4,1,1
"354,121",3,1,1
"354,121",4,1,1
"354,293",4,1,1
"354,342",4,1,1
"354,524",4,1,2
"354,548",3,1,1
"354,553",3,1,1
"354,553",4,1,1
"354,649",4,1,1
"354,715",4,1,1
"354,942",4,1,1
"355,102",4,1,3
"355,321",4,1,1
"355,428",4,1,1
"355,432",4,1,1
"355,497",4,1,2
"355,656",4,1,1
"355,665",4,1,2
"355,710",4,1,1
"355,836",4,1,1
"355,956",4,1,7
"355,958",4,1,2
"355,959",4,1,3
"356,080",4,1,6
"356,124",4,1,2
"356,158",3,1,1
"356,158",4,1,3
"356,268",4,1,2
"356,340",4,1,1
"356,358",4,1,1
"356,405",4,1,1
"356,621",4,1,1
"356,684",4,1,1
"356,718",3,1,1
"356,914",4,1,1
"357,026",4,1,1
"357,100",4,1,5
"357,139",3,1,8
"357,223",3,1,2
"357,483",4,1,2
"357,503",3,1,1
"357,685",4,1,1
"357,760",4,1,1
"357,763",3,1,1
"357,882",4,1,2
"357,930",3,1,1
"357,930",4,1,1
"358,111",3,1,1
"358,114",4,1,1
"358,133",4,1,3
"358,439",4,1,1
"358,500",4,1,1
"358,515",4,1,1
"358,608",4,1,3
"358,616",4,1,1
"358,623",3,1,1
"358,634",4,1,1
"358,711",4,1,1
"358,713",4,1,1
"358,725",4,1,1
"358,735",4,1,1
"358,783",3,1,2
"358,810",4,1,2
"358,818",3,1,1
"358,825",3,1,1
"358,846",3,1,3
"358,860",4,1,1
"358,891",4,1,1
"358,911",3,1,1
"358,932",4,1,1
"358,987",4,1,1
"359,056",4,1,1
"359,111",3,1,17
"359,111",4,1,1
"359,122",4,1,24
"359,124",4,1,1
"359,175",4,1,1
"359,182",4,1,1
"359,202",4,1,1
"359,219",4,1,1
"359,258",4,1,1
"359,262",4,1,1
"359,279",3,1,1
"359,302",4,1,1
"359,346",3,1,1
"359,412",3,1,1
"359,424",4,1,1
"359,538",3,1,1
"359,658",4,1,1
"359,667",3,1,1
"359,667",4,1,2
"359,772",4,1,1
"359,788",4,1,1
"359,841",4,1,2
"359,898",4,1,1
"359,908",4,1,3
"360,000",3,1,1
"360,036",4,1,1
"360,206",3,1,1
"360,221",4,1,1
"360,229",4,1,2
"360,244",4,1,1
"360,255",4,1,1
"360,294",4,1,1
"360,314",4,1,1
"360,319",4,1,1
"360,331",4,1,1
"360,378",3,1,2
"360,378",4,1,1
"360,506",3,1,1
"360,506",4,1,2
"360,524",4,1,1
"360,530",4,1,1
"360,554",3,1,1
"360,561",3,1,4
"360,561",4,1,2
"360,643",3,1,2
"360,652",4,1,6
"360,834",3,1,1
"360,835",3,1,2
"360,835",4,1,1
"360,842",3,1,2
"360,842",4,1,2
"360,861",3,1,1
"360,876",4,1,2
"360,939",3,1,1
"360,995",4,1,1
"361,027",4,1,1
"361,052",3,1,1
"361,052",4,1,1
"361,089",4,1,2
"361,117",4,1,2
"361,151",3,1,1
"361,151",4,1,1
"361,157",4,1,1
"361,201",4,1,1
"361,203",4,1,1
"361,205",4,1,2
"361,242",4,1,1
"361,284",3,1,1
"361,300",3,1,1
"361,310",3,1,1
"361,325",3,1,1
"361,340",4,1,1
"361,368",3,1,1
"361,369",4,1,1
"361,406",4,1,2
"361,460",4,1,1
"361,489",4,1,1
"361,547",3,1,1
"361,576",4,1,3
"361,599",3,1,2
"361,599",4,1,2
"361,608",4,1,1
"361,611",3,1,8
"361,618",4,1,1
"361,701",3,1,1
"361,739",3,1,1
"361,748",4,1,1
"361,772",3,1,10
"361,772",4,1,1
"361,795",4,1,2
"361,813",4,1,1
"361,818",4,1,2
"361,849",4,1,1
"361,892",3,1,1
"361,898",4,1,2
"361,943",4,1,1
"362,023",4,1,1
"362,027",4,1,1
"362,037",4,1,1
"362,092",4,1,1
"362,147",4,1,1
"362,174",3,1,1
"362,175",4,1,1
"362,206",4,1,1
"362,284",4,1,2
"362,289",4,1,3
"362,319",3,1,2
"362,335",4,1,1
"362,356",3,1,2
"362,362",4,1,1
"362,379",4,1,7
"362,386",4,1,9
"362,387",4,1,24
"362,390",4,1,1
"362,471",4,1,1
"362,533",4,1,1
"362,540",3,1,1
"362,567",3,1,1
"362,567",4,1,1
"362,585",4,1,1
"362,618",4,1,1
"362,648",4,1,1
"362,657",4,1,3
"362,709",3,1,1
"362,845",4,1,1
"362,892",4,1,1
"362,961",4,1,1
"362,985",4,1,1
"362,989",3,1,1
"363,007",4,1,1
"363,083",2,1,1
"363,083",4,1,1
"363,106",4,1,1
"363,174",4,1,1
"363,208",4,1,1
"363,308",3,1,1
"363,365",4,1,1
"363,394",4,1,1
"363,399",4,1,14
"363,457",4,1,1
"363,527",4,1,2
"363,576",4,1,1
"363,599",4,1,1
"363,633",4,1,2
"364,119",4,1,1
"364,248",4,1,1
"364,264",4,1,1
"364,352",4,1,1
"364,364",3,1,1
"364,383",4,1,1
"364,429",4,1,1
"364,457",4,1,1
"364,535",4,1,1
"364,743",4,1,1
"364,769",4,1,1
"364,826",4,1,1
"364,881",4,1,1
"364,945",3,1,1
"364,988",4,1,3
"365,057",3,1,2
"365,057",4,1,3
"365,060",4,1,1
"365,114",3,1,1
"365,198",4,1,11
"365,291",3,1,1
"365,311",4,1,1
"365,329",3,1,1
"365,338",4,1,1
"365,417",3,1,1
"365,417",4,1,1
"365,430",4,1,1
"365,496",4,1,2
"365,513",3,1,1
"365,519",4,1,2
"365,534",3,1,1
"365,534",4,1,2
"365,574",3,1,1
"365,594",3,1,1
"365,594",4,1,14
"365,605",4,1,1
"365,765",3,1,1
"365,772",4,1,1
"365,782",4,1,1
"365,786",4,1,2
"365,816",4,1,3
"365,826",4,1,1
"365,855",3,1,1
"365,875",4,1,1
"365,943",4,1,1
"366,000",4,1,1
"366,014",4,1,2
"366,027",4,1,1
"366,084",4,1,1
"366,092",4,1,24
"366,119",4,1,1
"366,161",3,1,2
"366,161",4,1,8
"366,162",4,1,1
"366,166",3,1,1
"366,167",3,1,1
"366,230",4,1,2
"366,236",3,1,1
"366,246",4,1,1
"366,260",3,1,2
"366,345",4,1,1
"366,389",3,1,1
"366,397",4,1,2
"366,515",4,1,1
"366,539",4,1,1
"366,625",4,1,1
"366,645",4,1,1
"366,782",3,1,1
"366,782",4,1,1
"367,167",4,1,1
"367,168",4,1,1
"367,175",4,1,4
"367,276",4,1,1
"367,283",4,1,1
"367,309",4,1,1
"367,534",4,1,5
"367,596",4,1,1
"367,607",3,1,5
"367,607",4,1,3
"367,630",4,1,1
"367,914",4,1,1
"368,015",4,1,1
"368,039",3,1,1
"368,039",4,1,1
"368,061",3,1,1
"368,091",4,1,1
"368,131",3,1,2
"368,131",4,1,2
"368,184",4,1,1
"368,187",4,1,1
"368,284",4,1,1
"368,311",3,1,1
"368,380",4,1,1
"368,387",4,1,1
"368,426",4,1,1
"368,442",4,1,1
"368,459",4,1,1
"368,485",3,1,1
"368,485",4,1,1
"368,490",3,1,1
"368,534",4,1,8
"368,615",3,1,1
"368,661",3,1,1
"368,677",4,1,1
"368,705",3,1,1
"368,746",3,1,1
"368,750",3,1,1
"368,777",4,1,1
"368,788",3,1,6
"368,788",4,1,8
"368,794",4,1,1
"368,822",3,1,1
"368,822",4,1,1
"368,854",3,1,1
"368,874",4,1,1
"369,038",4,1,1
"369,107",4,1,1
"369,173",4,1,1
"369,204",3,1,1
"369,304",3,1,1
"369,349",4,1,2
"369,379",4,1,1
"369,429",3,1,1
"369,460",4,1,1
"369,471",4,1,1
"369,474",3,1,1
"369,474",4,1,1
"369,517",3,1,1
"369,518",4,1,1
"369,534",3,1,1
"369,540",4,1,1
"369,560",3,1,1
"369,579",4,1,1
"369,582",4,1,1
"369,593",4,1,1
"369,649",4,1,2
"369,701",4,1,1
"369,748",4,1,1
"369,752",4,1,1
"369,775",4,1,2
"369,815",4,1,1
"369,969",4,1,1
"370,011",3,1,1
"370,012",4,1,1
"370,039",4,1,1
"370,057",3,1,1
"370,057",4,1,1
"370,074",3,1,2
"370,112",3,1,1
"370,189",3,1,1
"370,231",4,1,1
"370,248",4,1,1
"370,286",3,1,2
"370,358",4,1,2
"370,415",4,1,1
"370,446",4,1,5
"370,448",3,1,1
"370,468",3,1,1
"370,468",4,1,1
"370,477",3,1,1
"370,519",4,1,1
"370,525",4,1,1
"370,542",3,1,9
"370,542",4,1,1
"370,598",4,1,2
"370,626",2,1,1
"370,626",4,1,1
"370,633",3,1,1
"370,709",3,1,1
"370,733",3,1,1
"370,733",4,1,2
"370,743",4,1,1
"370,850",4,1,1
"370,856",3,1,1
"370,856",4,1,3
"370,874",4,1,2
"371,034",3,1,1
"371,082",4,1,2
"371,099",3,1,1
"371,145",3,1,1
"371,225",4,1,1
"371,267",4,1,1
"371,284",4,1,1
"371,306",4,1,1
"371,381",4,1,1
"371,399",4,1,1
"371,400",3,1,1
"371,439",4,1,1
"371,543",3,1,5
"371,543",4,1,2
"371,596",4,1,1
"371,658",4,1,1
"371,665",4,1,1
"371,675",4,1,1
"371,723",4,1,1
"371,728",4,1,1
"371,793",4,1,1
"371,805",3,1,2
"371,805",4,1,1
"371,879",4,1,1
"371,880",4,1,1
"371,884",3,1,1
"371,889",4,1,1
"371,941",4,1,2
"371,971",4,1,2
"372,041",3,1,1
"372,154",3,1,1
"372,194",3,1,4
"372,203",3,1,1
"372,224",4,1,1
"372,309",4,1,1
"372,319",4,1,1
"372,330",3,1,1
"372,369",4,1,1
"372,370",4,1,1
"372,470",4,1,1
"372,480",4,1,3
"372,482",4,1,1
"372,499",3,1,1
"372,499",4,1,2
"372,511",4,1,1
"372,535",4,1,1
"372,547",4,1,1
"372,597",4,1,1
"372,610",3,1,1
"372,612",4,1,1
"372,613",4,1,1
"372,615",3,1,1
"372,615",4,1,1
"372,651",4,1,1
"372,677",4,1,1
"372,685",3,1,2
"372,701",4,1,1
"372,712",4,1,1
"372,713",3,1,2
"372,713",4,1,1
"372,772",4,1,1
"372,813",4,1,1
"372,817",4,1,1
"372,824",4,1,1
"372,899",4,1,1
"372,911",4,1,1
"372,918",3,1,1
"372,918",4,1,1
"372,926",4,1,1
"372,969",4,1,1
"372,973",4,1,1
"373,116",3,1,1
"373,152",4,1,3
"373,160",4,1,4
"373,195",3,1,1
"373,207",3,1,1
"373,238",3,1,1
"373,253",4,1,1
"373,270",3,1,1
"373,270",4,1,7
"373,383",4,1,2
"373,453",4,1,1
"373,486",4,1,1
"373,513",3,1,1
"373,527",4,1,2
"373,532",4,1,3
"373,572",3,1,3
"373,572",4,1,3
"373,580",4,1,10
"373,583",4,1,1
"373,594",4,1,1
"373,645",3,1,1
"373,659",3,1,7
"373,684",4,1,2
"373,693",4,1,1
"373,739",3,1,2
"373,760",3,1,2
"373,858",4,1,2
"373,868",4,1,1
"373,979",4,1,1
"373,999",3,1,1
"374,011",4,1,1
"374,040",4,1,1
"374,080",4,1,2
"374,132",4,1,1
"374,175",4,1,1
"374,182",4,1,1
"374,187",3,1,1
"374,188",3,1,4
"374,223",3,1,1
"374,227",4,1,1
"374,234",4,1,1
"374,236",4,1,1
"374,288",4,1,1
"374,296",4,1,2
"374,330",3,1,1
"374,389",3,1,1
"374,393",4,1,2
"374,427",4,1,1
"374,455",4,1,2
"374,484",3,1,1
"374,509",4,1,1
"374,515",4,1,1
"374,601",4,1,1
"374,607",4,1,1
"374,700",3,1,1
"374,710",3,1,2
"374,796",3,1,1
"374,800",3,1,1
"374,800",4,1,11
"374,853",3,1,1
"374,899",4,1,6
"374,921",3,1,2
"374,921",4,1,1
"374,936",4,1,1
"374,943",4,1,1
"374,955",4,1,1
"374,973",3,1,1
"375,052",4,1,1
"375,079",4,1,1
"375,119",4,1,1
"375,135",3,1,1
"375,135",4,1,1
"375,160",3,1,1
"375,160",4,1,1
"375,235",3,1,1
"375,248",3,1,1
"375,265",3,1,1
"375,265",4,1,1
"375,341",3,1,1
"375,341",4,1,26
"375,374",4,1,2
"375,426",4,1,1
"375,443",4,1,1
"375,448",4,1,5
"375,462",3,1,2
"375,462",4,1,2
"375,501",3,1,1
"375,512",4,1,1
"375,617",3,1,1
"375,641",4,1,1
"375,654",4,1,1
"375,655",4,1,1
"375,695",4,1,1
"375,777",4,1,1
"375,847",4,1,1
"375,862",3,1,1
"375,862",4,1,1
"375,889",4,1,4
"375,937",4,1,12
"375,959",3,1,1
"375,959",4,1,1
"375,961",4,1,1
"375,990",4,1,4
"375,998",4,1,3
"376,018",4,1,1
"376,094",4,1,1
"376,122",3,1,1
"376,122",4,1,1
"376,132",4,1,1
"376,133",4,1,1
"376,163",3,1,1
"376,163",4,1,1
"376,207",3,1,4
"376,229",3,1,1
"376,245",4,1,1
"376,247",3,1,1
"376,268",4,1,1
"376,296",4,1,20
"376,299",3,1,1
"376,309",4,1,1
"376,338",4,1,2
"376,373",4,1,1
"376,400",4,1,1
"376,459",4,1,1
"376,468",4,1,1
"376,504",3,1,1
"376,510",3,1,1
"376,538",4,1,2
"376,560",4,1,1
"376,561",3,1,1
"376,734",4,1,1
"376,740",4,1,1
"376,762",3,1,1
"376,809",4,1,5
"376,814",2,1,1
"376,814",4,1,3
"376,918",4,1,1
"376,927",4,1,1
"377,025",3,1,1
"377,025",4,1,1
"377,063",4,1,1
"377,079",4,1,2
"377,099",4,1,1
"377,108",4,1,1
"377,129",4,1,1
"377,137",4,1,1
"377,140",4,1,1
"377,145",4,1,5
"377,152",4,1,1
"377,155",4,1,1
"377,175",3,1,1
"377,180",4,1,1
"377,239",4,1,3
"377,251",4,1,1
"377,275",2,1,1
"377,275",3,1,1
"377,275",4,1,3
"377,310",3,1,1
"377,318",4,1,3
"377,328",4,1,1
"377,337",4,1,2
"377,346",4,1,4
"377,348",4,1,1
"377,372",4,1,1
"377,481",3,1,1
"377,484",4,1,1
"377,513",4,1,1
"377,545",4,1,1
"377,549",4,1,14
"377,569",4,1,11
"377,593",3,1,1
"377,610",4,1,1
"377,624",4,1,1
"377,628",3,1,1
"377,633",4,1,1
"377,634",4,1,1
"377,643",4,1,1
"377,675",3,1,1
"377,693",4,1,1
"377,718",4,1,1
"377,731",4,1,1
"377,738",4,1,1
"377,765",4,1,1
"377,770",4,1,5
"377,786",3,1,2
"377,793",4,1,2
"377,816",3,1,1
"377,837",4,1,1
"377,843",4,1,2
"377,865",4,1,1
"377,957",3,1,6
"377,961",4,1,4
"377,969",4,1,1
"378,006",3,1,4
"378,006",4,1,11
"378,007",4,1,1
"378,025",4,1,10
"378,045",3,1,1
"378,045",4,1,4
"378,084",3,1,1
"378,097",3,1,1
"378,127",4,1,1
"378,177",3,1,2
"378,177",4,1,9
"378,185",4,1,1
"378,450",4,1,1
"378,480",4,1,1
"378,523",3,1,1
"378,523",4,1,2
"378,620",3,1,1
"378,661",4,1,3
"378,790",4,1,1
"378,803",4,1,1
"378,806",3,1,1
"378,806",4,1,1
"378,813",4,1,1
"378,849",4,1,1
"378,860",3,1,1
"378,860",4,1,3
"378,886",3,1,2
"378,941",3,1,1
"378,943",4,1,1
"378,946",3,1,1
"378,952",3,1,1
"379,015",4,1,1
"379,024",4,1,2
"379,118",3,1,1
"379,125",4,1,1
